raw_addr,street_num,street_dir,street_name,street_type,scrap_pile
10000 W OHARE,10000,W,OHARE,,
1000 N PAULINA,1000,N,PAULINA,,
1000  OHARE,1000,,OHARE,,
1003 N ASHLAND,1003,N,ASHLAND,,
1003 W IRVING PK,1003,W,IRVING,PK,
100 W CHICAGO,100,W,CHICAGO,,
10145 S ST LAWRENCE,10145,S,ST LAWRENCE,,
101 W ERIE ST,101,W,ERIE,ST,
1020 W ARGYLE,1020,W,ARGYLE,,
1022 W 81ST,1022,W,81ST,,
1028 W RUSH,1028,W,RUSH,,
102 W ELM,102,W,ELM,,
1030 N HARDING,1030,N,HARDING,,
10332 S WOOD,10332,S,WOOD,,
1038 W DAKIN,1038,W,DAKIN,,
1040 N HOMAN,1040,N,HOMAN,,
1042 W NEWPORT,1042,W,NEWPORT,,
1043 W THORNDALE,1043,W,THORNDALE,,
1045 W TAYLOR,1045,W,TAYLOR,,
1046 W ARGYLE,1046,W,ARGYLE,,
104 N MENARD,104,N,MENARD,,
104 W SUPERIOR,104,W,SUPERIOR,,
1058 W 32ND,1058,W,32ND,,
1064 E 131ST,1064,E,131ST,,
106 S WELLS,106,S,WELLS,,
10801 S ST LOUIS,10801,S,ST LOUIS,,
109 S WABASH,109,S,WABASH,,
11030 S HEMOSA,11030,S,HEMOSA,,
1104 W ARGYLE,1104,W,ARGYLE,,
1110 W MARQUETTE,1110,W,MARQUETTE,,
11139 S GREENBAY,11139,S,GREENBAY,,
1114 W ADDISON,1114,W,ADDISON,,
1115 W 62ND,1115,W,62ND,,
11216 S MICHIGAN,11216,S,MICHIGAN,,
1126 N STATE,1126,N,STATE,,
1128 W HUMBOLT,1128,W,HUMBOLT,,
1131 N STATE,1131,N,STATE,,
1138 W LUNT,1138,W,LUNT,,
1150 N LONG,1150,N,LONG,,
11756 S EGGLESTON,11756,S,EGGLESTON,,
119 W QUINCY,119,W,QUINCY,,
1204 W ARGYLE,1204,W,ARGYLE,,
1205 W AINSLIE,1205,W,AINSLIE,,
1209 W THORNDALE,1209,W,THORNDALE,,
120 W QUINCY,120,W,QUINCY,,
1210 W GRANVILLE,1210,W,GRANVILLE,,
121  SUPERIOR,121,,SUPERIOR,,
121 W ELM,121,W,ELM,,
121 W SUPERIOR,121,W,SUPERIOR,,
1220 W JARVIS,1220,W,JARVIS,,
1221 W GREENLEAF,1221,W,GREENLEAF,,
1225 N WOLCOTT,1225,N,WOLCOTT,,
1228 N BOSWORTH,1228,N,BOSWORTH,,
1234 N DEARBORN,1234,N,DEARBORN,,
123 W MADISON,123,W,MADISON,,
123 W OAK ST,123,W,OAK,ST,
1240 N MILWAUKEE,1240,N,MILWAUKEE,,
1245 W CABRINI,1245,W,CABRINI,,
1248 W VAN BUREN,1248,W,VAN BUREN,,
1249 N ASHLAND,1249,N,ASHLAND,,
1249 N SPAULDING,1249,N,SPAULDING,,
1256 N CLARK,1256,N,CLARK,,
1265 N PAULINA,1265,N,PAULINA,,
127 W MAPLE,127,W,MAPLE,,
1304 N LONG,1304,N,LONG,,
1307 W MONROE,1307,W,MONROE,,
1308 S MICHIGAN,1308,S,MICHIGAN,,
130 E OHIO,130,E,OHIO,,
1326 N ASHLAND AVE,1326,N,ASHLAND,AVE,
1326 W MORSE,1326,W,MORSE,,
1328 W BRYN MAWR,1328,W,BRYN MAWR,,
1329 N CLARENDON,1329,N,CLARENDON,,
1332 N CENTRAL PARK,1332,N,CENTRAL PARK,,
13341 S GREENBAY,13341,S,GREENBAY,,
1336 W TAYLOR,1336,W,TAYLOR,,
1341 W GRACE,1341,W,GRACE,,
1341 W ROSCOE,1341,W,ROSCOE,,
1344 N LOREL,1344,N,LOREL,,
1347 W TAYLOR,1347,W,TAYLOR,,
1380 W RANDOLPH,1380,W,RANDOLPH,,
1402 W PIERCE,1402,W,PIERCE,,
1408 W TAYLOR,1408,W,TAYLOR,,
1409 E 53RD ST,1409,E,53RD,ST,
1418 S MICHIGAN,1418,S,MICHIGAN,,
1420 N MAYFIELD,1420,N,MAYFIELD,,
1421 N LOCKWOOD,1421,N,LOCKWOOD,,
1422 W TAYLOR,1422,W,TAYLOR,,
1424 W GEORGE,1424,W,GEORGE,,
1427 E HYDE PARK BOULEVAR,1427,E,HYDE PARK BOULEVAR,,
1434 N ELK GROVE,1434,N,ELK GROVE,,
143 S WABASH,143,S,WABASH,,
1458 W GRACE,1458,W,GRACE,,
147 W HURON,147,W,HURON,,
14 W ERIE,14,W,ERIE,,
1500 W THORNDALE,1500,W,THORNDALE,,
1501 W LEMOYNE,1501,W,LEMOYNE,,
1510 N LECLAIRE,1510,N,LECLAIRE,,
1511 S KENNETH,1511,S,KENNETH,,
1512 S STATE,1512,S,STATE,,
1516 N LAVERGNE,1516,N,LAVERGNE,,
1516 S SPRINGFIELD,1516,S,SPRINGFIELD,,
1519 N ELK GROVE,1519,N,ELK GROVE,,
151 W LAKE,151,W,LAKE,,
1521 N MILWAUKEE,1521,N,MILWAUKEE,,
1526 S CALIFORNIA,1526,S,CALIFORNIA,,
1530 S WABASH,1530,S,WABASH,,
153 E 115TH ST,153,E,115TH,ST,
153 W DIVISION,153,W,DIVISION,,
153 W GRAND,153,W,GRAND,,
153 W ONTARIO,153,W,ONTARIO,,
1540 W 79TH ST,1540,W,79TH,ST,
1548 W HENDERSON,1548,W,HENDERSON,,
1548 W NORWOOD,1548,W,NORWOOD,,
1550 S LAWNDALE,1550,S,LAWNDALE,,
1554 N MILWAUKEE,1554,N,MILWAUKEE,,
1573 N MILWAUKEE,1573,N,MILWAUKEE,,
158 N DEARBORN,158,N,DEARBORN,,
159 W HURON,159,W,HURON,,
1600 N STLOUIS,1600,N,STLOUIS,,
1611 S WABASH,1611,S,WABASH,,
1618 S MICHIGAN,1618,S,MICHIGAN,,
1624 N WINCHESTER,1624,N,WINCHESTER,,
1635 W OLIVE,1635,W,OLIVE,,
1636 N KOLMAR,1636,N,KOLMAR,,
1639 N HONORE,1639,N,HONORE,,
1656 N WINCHESTER,1656,N,WINCHESTER,,
170 W TAYLOR,170,W,TAYLOR,,
171 W LAKE,171,W,LAKE,,
1724 N ARTESIAN,1724,N,ARTESIAN,,
1728 N WELLS,1728,N,WELLS,,
1750 W CRYSTAL,1750,W,CRYSTAL,,
1751 N KEYSTONE,1751,N,KEYSTONE,,
1752 N CLARK,1752,N,CLARK,,
1754 N CLARK,1754,N,CLARK,,
1759 S LEAVITT,1759,S,LEAVITT,,
17 E ONTARIO,17,E,ONTARIO,,
1804 W 51ST,1804,W,51ST,,
1815 W 74ST,1815,W,74ST,,
1823 N BISSELL,1823,N,BISSELL,,
1830 N WOLCOTT,1830,N,WOLCOTT,,
1830 W EVERGREEN,1830,W,EVERGREEN,,
1838 S MICHIGAN,1838,S,MICHIGAN,,
1858 N LARAMIE,1858,N,LARAMIE,,
1858 S PAULINA,1858,S,PAULINA,,
1902 W OGDEN,1902,W,OGDEN,,
1902 W WABANSIA,1902,W,WABANSIA,,
1903 W OGDEN,1903,W,OGDEN,,
1911 N DAYTON,1911,N,DAYTON,,
1911 W HARRISON,1911,W,HARRISON,,
1918 W OGDEN,1918,W,OGDEN,,
1919 W CONGRESS,1919,W,CONGRESS,,
1931 W WASHINGTON,1931,W,WASHINGTON,,
1934 W OGDEN,1934,W,OGDEN,,
1938 S WENTWORTH,1938,S,WENTWORTH,,
1940 W OGDEN,1940,W,OGDEN,,
1940 W SCHILLER,1940,W,SCHILLER,,
1946 W MORSE,1946,W,MORSE,,
1947 W CHICAGO AVE,1947,W,CHICAGO,AVE,
1949 N CLARK,1949,N,CLARK,,
1951 W OGDEN,1951,W,OGDEN,,
1953 W OGDEN,1953,W,OGDEN,,
1958 N LARAMIE,1958,N,LARAMIE,,
1958 W LAWRENCE,1958,W,LAWRENCE,,
1965 W OGDEN,1965,W,OGDEN,,
1967 N DAYTON,1967,N,DAYTON,,
2001 N KENNETH,2001,N,KENNETH,,
2001 S STATE,2001,S,STATE,,
2002 N DAYTON,2002,N,DAYTON,,
2002 W BERWYN,2002,W,BERWYN,,
2007 W LAWRENCE,2007,W,LAWRENCE,,
200 W 23RD,200,W,23RD,,
2012 N WESTERN,2012,N,WESTERN,,
2018 W CHURCHILL,2018,W,CHURCHILL,,
201 E PEARSON,201,E,PEARSON,,
201 N CLINTON,201,N,CLINTON,,
2020 S WOOD,2020,S,WOOD,,
2020 W SCHOOL,2020,W,SCHOOL,,
2043 S PRINCETON,2043,S,PRINCETON,,
2047 W 82ND,2047,W,82ND,,
2048 N CALIFORNIA,2048,N,CALIFORNIA,,
2050 N ASHLAND AVE,2050,N,ASHLAND,AVE,
2054 W AUGUSTA,2054,W,AUGUSTA,,
2058 W ARTHUR,2058,W,ARTHUR,,
2068 N CAMPBELL,2068,N,CAMPBELL,,
2103 W POLK,2103,W,POLK,,
2104 S ARCHER,2104,S,ARCHER,,
2104 S CALUMET,2104,S,CALUMET,,
210 N WABASH,210,N,WABASH,,
2112 N LAWRENCE,2112,N,LAWRENCE,,
2113 W WALTON,2113,W,WALTON,,
2117 W NORWOOD,2117,W,NORWOOD,,
2122 S LAWNDALE,2122,S,LAWNDALE,,
2125 E 71ST,2125,E,71ST,,
2127 S LAWNDALE,2127,S,LAWNDALE,,
212 W INSTITUTE PLACE,212,W,INSTITUTE,PLACE,
2139 W SCHILLER,2139,W,SCHILLER,,
214  CHICAGO,,,,,214 CHICAGO
214 S DES PLAINES,214,S,DES PLAINES,,
2150 W DIVISION,2150,W,DIVISION,,
2152 W LAMON,2152,W,LAMON,,
2153 E 71ST,2153,E,71ST,,
2154 W TAYLOR,2154,W,TAYLOR,,
2158 W KENMORE,2158,W,KENMORE,,
2164 S ARCHER,2164,S,ARCHER,,
2200 S RIDGEWAY,2200,S,RIDGEWAY,,
2207 N CLEVELAND,2207,N,CLEVELAND,,
220 N CLINTON,220,N,CLINTON,,
2210 N KIMBALL,2210,N,KIMBALL,,
2211 N MENARD,2211,N,MENARD,,
2240 S CALIFORNIA,2240,S,CALIFORNIA,,
2256 W CHARLESTON,2256,W,CHARLESTON,,
228 W QUINCY,228,W,QUINCY,,
22 E KINZIE,22,E,KINZIE,,
2301 N CLARK,2301,N,CLARK,,
230 W ALEXANDER,230,W,ALEXANDER,,
230 W MONROE,230,W,MONROE,,
2324  CULLOM,2324,,CULLOM,,
2325 S LEAVITT,2325,S,LEAVITT,,
2331 E 68TH ST,2331,E,68TH,ST,
2332 N CLARK,2332,N,CLARK,,
2350 N GENEVA,2350,N,GENEVA,,
2350 W BELLE PLAINE,2350,W,BELLE PLAINE,,
2355 N AVERS,2355,N,AVERS,,
2357 W ARGYLE,2357,W,ARGYLE,,
2358 E 73RD,2358,E,73RD,,
2358 S AVERS,2358,S,AVERS,,
2404 W SCHUBERT,2404,W,SCHUBERT,,
2405 N KILDARE,2405,N,KILDARE,,
2407 S SACRAMENTO,2407,S,SACRAMENTO,,
240 W WASHINGTON,240,W,WASHINGTON,,
2411 W 71 STREET,2411,W,71,STREET,
2416 W 45TH PL,2416,W,45TH,PL,
2420 N CLARK,2420,N,CLARK,,
2425 N CLARK,2425,N,CLARK,,
2426 N LOCKWOOD,2426,N,LOCKWOOD,,
2432 W FOSTER,2432,W,FOSTER,,
2437 N LINCOLN,2437,N,LINCOLN,,
2451 S KEDVALE,2451,S,KEDVALE,,
2452 W DEVON,2452,W,DEVON,,
2459 N HALSTED,2459,N,HALSTED,,
2475 W GUNNISON,2475,W,GUNNISON,,
248 W DIVERSEY PARKWAY,248,W,DIVERSEY,PARKWAY,
2504 W ESTES,2504,W,ESTES,,
2508 W ESTES,2508,W,ESTES,,
2509 W DEVON,2509,W,DEVON,,
2518 N CLARK,2518,N,CLARK,,
2530 N CLARK,2530,N,CLARK,,
2530 N MONTICELLO,2530,N,MONTICELLO,,
2532 W 45TH,2532,W,45TH,,
2551 N FAIRFIELD,2551,N,FAIRFIELD,,
2559 W SUPERIOR,2559,W,SUPERIOR,,
258 E GRAND,258,E,GRAND,,
25 E OAK,25,E,OAK,,
2600 S KILDARE,2600,S,KILDARE,,
2610 S SPAULDING,2610,S,SPAULDING,,
2611 N ASHLAND,2611,N,ASHLAND,,
2621 N CLARK,2621,N,CLARK,,
2627 N CLARK,2627,N,CLARK,,
2631 W 21ST PL,2631,W,21ST,PL,
2705 W 59TH STREET,2705,W,59TH,STREET,
2713 N CALIFORNIA,2713,N,CALIFORNIA,,
2721 W CERMAK,2721,W,CERMAK,,
2725 W FARRAGUT,2725,W,FARRAGUT,,
2736 N CLARK,2736,N,CLARK,,
2736 W 61STST,2736,W,61STST,,
2744 S SACRAMENTO,2744,S,SACRAMENTO,,
2749 N SHEFFIELD,2749,N,SHEFFIELD,,
2753 S CHRISTIANA,2753,S,CHRISTIANA,,
2755 W WASHINGTON,2755,W,WASHINGTON,,
2760 E 75TH,2760,E,75TH,,
2800 N ALBANY,2800,N,ALBANY,,
2802 S VERNON,2802,S,VERNON,,
2808 N BURLING,2808,N,BURLING,,
2815 N KILBOURN,2815,N,KILBOURN,,
2816 N BROADWAY,2816,N,BROADWAY,,
2821 N ALBANY,2821,N,ALBANY,,
2821 N DAMEN,2821,N,DAMEN,,
2821 W 31ST,2821,W,31ST,,
2840 W FOSTER AVE,2840,W,FOSTER,AVE,
2847 N ROCKWELL,2847,N,ROCKWELL,,
2853 N CLARK,2853,N,CLARK,,
2861 N CLARK,2861,N,CLARK,,
286 E CHICAGO,286,E,,,CHICAGO
2928 N SPRINGFIELD,2928,N,SPRINGFIELD,,
2931 S FEDERAL,2931,S,FEDERAL,,
2932 W WILCOX,2932,W,WILCOX,,
2939 W ARTHINGTON,2939,W,ARTHINGTON,,
2953 W ARGYLE,2953,W,ARGYLE,,
2959 N PINEGROVE,2959,N,PINEGROVE,,
2 E ADAMS,2,E,ADAMS,,
300 N CLINTON,300,N,CLINTON,,
3010 W ADDISON,3010,W,ADDISON,,
301 E NORTH WATER,301,E,NORTH WATER,,
3024 N GREENVIEW,3024,N,GREENVIEW,,
3026 N BROADWAY,3026,N,BROADWAY,,
3028 N AUSTIN,3028,N,AUSTIN,,
3035 W LAWRENCE,3035,W,LAWRENCE,,
3039 N CLARK,3039,N,CLARK,,
3058 S TROY,3058,S,TROY,,
307 W 24TH ST,307,W,24TH,ST,
307 W MADISON,307,W,MADISON,,
309 N LOREL,309,N,LOREL,,
309 S WABASH,309,S,WABASH,,
30 S LASALLE,30,S,LASALLE,,
3105 W LELAND,3105,W,LELAND,,
310 W WASHINGTON,310,W,WASHINGTON,,
3117 W 43RD STREET,3117,W,43RD,STREET,
3125 N MILWAUKEE,3125,N,MILWAUKEE,,
3150 N LONG,3150,N,LONG,,
3150 W VAN BUREN,3150,W,VAN BUREN,,
3151 N KENMORE,3151,N,KENMORE,,
3151 W LELAND,3151,W,LELAND,,
3155 N KENMORE,3155,N,KENMORE,,
315 S PEORIA,315,S,PEORIA,,
319 N MAYFIELD,319,N,MAYFIELD,,
319 W RANDOLPH,319,W,RANDOLPH,,
31 E 16TH ST,31,E,16TH,ST,
31 N WABASH,31,N,WABASH,,
3204 W LAWRENCE AVE,3204,W,LAWRENCE,AVE,
3205 N NATOMA,3205,N,NATOMA,,
3207 W LAWRENCE,3207,W,LAWRENCE,,
320 W ILLINOIS,320,W,ILLINOIS,,
321 E 47TH,321,E,47TH,,
3220 W THOMAS,3220,W,THOMAS,,
3223 N WILTON,3223,N,WILTON,,
3235 W 27TH,3235,W,27TH,,
3238 N KENNETH,3238,N,KENNETH,,
3239 N CLARK,3239,N,CLARK,,
3244 S HAMILTON,3244,S,HAMILTON,,
324 E ONTARIO,324,E,ONTARIO,,
3251 N SHEFFIELD,3251,N,SHEFFIELD,,
3301 W FRANKLIN,3301,W,FRANKLIN,,
3303 W DIVERSEY,3303,W,DIVERSEY,,
3306 W WRIGHTWOOD,3306,W,WRIGHTWOOD,,
330 N ADA,330,N,ADA,,
3311 S MICHIGAN,3311,S,MICHIGAN,,
3318 N ASHLAND AVE,3318,N,ASHLAND,AVE,
3320 N LEMOYNE,3320,N,LEMOYNE,,
3320 W BRYN MAWR,3320,W,BRYN MAWR,,
3324 S UNION,3324,S,UNION,,
3325 N CLARK,3325,N,CLARK,,
3339 N SEMINARY,3339,N,SEMINARY,,
334 S PEORIA,334,S,PEORIA,,
33 E LAKE,33,E,LAKE,,
33 N ALBANY,33,N,ALBANY,,
3401 N HAMLIN,3401,N,HAMLIN,,
3411 N BROADWAY,3411,N,BROADWAY,,
3413 N SEMINARY,3413,N,SEMINARY,,
3418 W FOSTER,3418,W,FOSTER,,
3430 W LAKE,3430,W,LAKE,,
3448 N OKETO,3448,N,OKETO,,
345 E SUPERIOR,345,E,SUPERIOR,,
346 S FEDERAL,346,S,FEDERAL,,
349 W KINZIE,349,W,KINZIE,,
34 E 18TH,34,E,18TH,,
3511 W CARROLL,3511,W,CARROLL,,
3522 S OAKLEY AVE,3522,S,OAKLEY,AVE,
3545 N CLARK,3545,N,CLARK,,
357 E ERIE,357,E,ERIE,,
3612 N WAYNE,3612,N,WAYNE,,
3617 W MCLEAN,3617,W,MCLEAN,,
3625 N GREENVIEW,3625,N,GREENVIEW,,
3629 N WILTON,3629,N,WILTON,,
362 W CHICAGO AVE,362,W,CHICAGO,AVE,
3631 N BROADWAY,3631,N,BROADWAY,,
3653 N KIMBALL,3653,N,KIMBALL,,
365 W HURON,365,W,HURON,,
365 W ILLINOIS,365,W,ILLINOIS,,
3701 S PRINCETON,3701,S,PRINCETON,,
3728 W EDDY,3728,W,EDDY,,
3784 W LAWRENCE,3784,W,LAWRENCE,,
3818 N SEMINARY,3818,N,SEMINARY,,
3841 N BROADWAY,3841,N,BROADWAY,,
3846 S SACRAMENTO,3846,S,SACRAMENTO,,
3849 W CONGRESS,3849,W,CONGRESS,,
3858 N CICERO,3858,N,CICERO,,
3900 N PINE GROVE,3900,N,PINE GROVE,,
3901 W BELDEN,3901,W,BELDEN,,
3903 N KIMBALL,3903,N,KIMBALL,,
3907 N CLARK,3907,N,CLARK,,
3907 W BELOEN,3907,W,BELOEN,,
3943 N TRIPP,3943,N,TRIPP,,
3960 N CLARK,3960,N,CLARK,,
39 E ELM,39,E,ELM,,
4008 W ADDISON,4008,W,ADDISON,,
4036 N CAMPBELL,4036,N,CAMPBELL,,
4042 N KEYSTONE,4042,N,KEYSTONE,,
4055 N ASHLAND,4055,N,ASHLAND,,
409 W SURF,409,W,SURF,,
40 N DEARBORN,40,N,DEARBORN,,
4100 S ARCHER,4100,S,ARCHER,,
410 S LARAMIE,410,S,LARAMIE,,
4223 W MADISON,4223,W,MADISON,,
422 W SURF,422,W,SURF,,
4241 N MILWAUKEE,4241,N,MILWAUKEE,,
4241 W MADISON,4241,W,MADISON,,
425 W BRIAR,425,W,BRIAR,,
4300 N MARINE,4300,N,MARINE,,
4300 N WESTERN,4300,N,WESTERN,,
4301 W CORNELIA,4301,W,CORNELIA,,
4311 W CERMAK,4311,W,CERMAK,,
4317 S ARCHER,4317,S,ARCHER,,
4317 S LAMON,4317,S,LAMON,,
4321 N KENMORE,4321,N,KENMORE,,
4330 W 25TH PL,4330,W,25TH,PL,
4349 W SCHUBERT,4349,W,SCHUBERT,,
4401 W WRIGHTWOOD,4401,W,WRIGHTWOOD,,
4407 N MILWAUKEE,4407,N,MILWAUKEE,,
440 W BELDEN,440,W,BELDEN,,
4412 W CONGRESS,4412,W,CONGRESS,,
4414 W SCHOOL,4414,W,SCHOOL,,
4423 N ST LOUIS,4423,N,ST LOUIS,,
4444 S VINCENNES,4444,S,VINCENNES,,
4448 W DIVERSEY,4448,W,DIVERSEY,,
444 N WABASH,444,N,WABASH,,
4453 N CLIFTON,4453,N,CLIFTON,,
445 N MCCLURG,445,N,MCCLURG,,
448 W EVERGREEN,448,W,EVERGREEN,,
4500 N LINCOLN,4500,N,LINCOLN,,
4501 N CLARENDON,4501,N,CLARENDON,,
450 W SUPERIOR,450,W,SUPERIOR,,
4511 S LOWE,4511,S,LOWE,,
4532 N HAMLIN,4532,N,HAMLIN,,
4613 S WHIPPLE,4613,S,WHIPPLE,,
4624 S ELLIS AVE,4624,S,ELLIS,AVE,
4650 N SHERIDAN,4650,N,SHERIDAN,,
4658 S PRAIRIE,4658,S,PRAIRIE,,
4658 S WOOD ST,4658,S,WOOD,ST,
4659 S JUSTINE,4659,S,JUSTINE,,
4671 N ELSTON,4671,N,ELSTON,,
4682 N LOWELL,4682,N,LOWELL,,
4705 N BROADWAY,4705,N,BROADWAY,,
4706 W BELMONT,4706,W,BELMONT,,
4710 N DAMEN,4710,N,DAMEN,,
4722 S ASHLAND AVE,4722,S,ASHLAND,AVE,
4725 N LINCOLN,4725,N,LINCOLN,,
4729 N WINCHESTER,4729,N,WINCHESTER,,
4740 S ASHLAND AVE,4740,S,ASHLAND,AVE,
4742 S SPRINGFIELD,4742,S,SPRINGFIELD,,
4748 N AVERS,4748,N,AVERS,,
4753 N PAULINA,4753,N,PAULINA,,
4756 W SPAULIND,4756,W,SPAULIND,,
4801 S BISHOP,4801,S,BISHOP,,
4801 W NEWPORT,4801,W,NEWPORT,,
4802 N DRAKE,4802,N,DRAKE,,
4802 W WEST END,4802,W,WEST END,,
4805 N WINCHESTER,4805,N,WINCHESTER,,
4805 W CHICAGO,4805,W,CHICAGO,,
4809 W ARMITAGE,4809,W,ARMITAGE,,
4821 N DAMEN,4821,N,DAMEN,,
4826 N SHERIDAN,4826,N,SHERIDAN,,
4828 N LIPPS,4828,N,LIPPS,,
4831 N OAKLEY AVE,4831,N,OAKLEY,AVE,
4831 W ADDISON,4831,W,ADDISON,,
4834 S ASHLAND AVE,4834,S,ASHLAND,AVE,
4836 W GEORGE,4836,W,GEORGE,,
4848 S LOOMIS,4848,S,LOOMIS,,
4854 W NELSON,4854,W,NELSON,,
4887 N CLARK,4887,N,CLARK,,
48 E SUPERIOR,48,E,SUPERIOR,,
4910 S DORCHESTER,4910,S,DORCHESTER,,
4913 W KAMERLING,4913,W,KAMERLING,,
4915 S MAPLEWOOD,4915,S,MAPLEWOOD,,
4921 W MONTROSE,4921,W,MONTROSE,,
4939 N BROADWAY,4939,N,BROADWAY,,
4950 N WINTHROP,4950,N,WINTHROP,,
4 S WELLS,4,S,WELLS,,
4  WASHINGTON,4,,WASHINGTON,,
5006 N BROADWAY,5006,N,BROADWAY,,
501 N DIVERSEY,501,N,DIVERSEY,,
5024 S ROCKWELL,5024,S,ROCKWELL,,
5031 S FORRESTVILLE,5031,S,FORRESTVILLE,,
503 W CONGRESS,503,W,CONGRESS,,
504 E 47TH,504,E,47TH,,
504 W JACKSON,504,W,JACKSON,,
5057 W NEWPORT,5057,W,NEWPORT,,
5058 W DEMING,5058,W,DEMING,,
5065 N LINCOLN,5065,N,LINCOLN,,
50 E HURON,50,E,HURON,,
50 N GREEN,50,N,GREEN,,
50 W WASHINGTON,50,W,WASHINGTON,,
5100 W MONROE,5100,W,MONROE,,
5108 N LINCOLN,5108,N,LINCOLN,,
510 S CLINTON,510,S,CLINTON,,
5153 W WASHINGTON,5153,W,WASHINGTON,,
51 W ONTARIO,51,W,ONTARIO,,
5204 N ARTESIAN,5204,N,ARTESIAN,,
5216 N BROADWAY,5216,N,BROADWAY,,
5219 N NEENAH,5219,N,NEENAH,,
5225 N CALIFORNIA,5225,N,CALIFORNIA,,
5225 S KIMBARK,5225,S,KIMBARK,,
5226 S HARPER,5226,S,HARPER,,
525 N SPRINGFIELD,525,N,SPRINGFIELD,,
528 N NOBLE,528,N,NOBLE,,
5300 S ELLIS,5300,S,ELLIS,,
5302 S ELLIS,5302,S,ELLIS,,
531 S WOLCOTT,531,S,WOLCOTT,,
5331 N KIMBALL,5331,N,KIMBALL,,
534 W DIVISION,534,W,DIVISION,,
5400 N KENMORE,5400,N,KENMORE,,
5401 W MADISON,5401,W,MADISON,,
5401 W WRIGHTWOOD,5401,W,WRIGHTWOOD,,
5415 N SHERIDAN,5415,N,SHERIDAN,,
5429 W WASHINGTON,5429,W,WASHINGTON,,
5435 S KEDZIE,5435,S,KEDZIE,,
5448 N WINTHROP,5448,N,WINTHROP,,
5448 W LEMOYNE,5448,W,LEMOYNE,,
5449 W SCHOOL,5449,W,SCHOOL,,
5454 N WESTERN,5454,N,WESTERN,,
5456 S CICERO,5456,S,CICERO,,
5457 S SAWYER,5457,S,SAWYER,,
5461 S WOODLAWN,5461,S,WOODLAWN,,
5504 S BISHOP,5504,S,BISHOP,,
5511 S UNION,5511,S,UNION,,
5518 W SCHOOL,5518,W,SCHOOL,,
5530 W HENDERSON,5530,W,HENDERSON,,
5543 S GREEN,5543,S,GREEN,,
5549 N WINTHROP,5549,N,WINTHROP,,
5561 W ADAMS,5561,W,ADAMS,,
5563 W MONROE,5563,W,MONROE,,
558 W MELROSE,558,W,MELROSE,,
55 S CANAL,55,S,CANAL,,
5607 S PULASKI,5607,S,PULASKI,,
5615 S WENTWORTH,5615,S,WENTWORTH,,
5627 S PRAIRIE,5627,S,PRAIRIE,,
5640 W BARRY,5640,W,BARRY,,
5724 S STONY ISLAND,5724,S,STONY ISLAND,,
5731 S ARTESIAN,5731,S,ARTESIAN,,
5737 S MICHIGAN,5737,S,MICHIGAN,,
5815 W ARTHINGTON,5815,W,ARTHINGTON,,
5823 N CLARK,5823,N,CLARK,,
5901 S ALBANY,5901,S,ALBANY,,
5922 S WABASH,5922,S,WABASH,,
5923 N WINTHROP,5923,N,WINTHROP,,
5927 N KENMORE,5927,N,KENMORE,,
5929 S MORGAN,5929,S,MORGAN,,
5939 N CENTRAL PARK,5939,N,CENTRAL PARK,,
5947 W BROADWAY,5947,W,BROADWAY,,
5956 W WAVELAND,5956,W,WAVELAND,,
600 N MICHIGAN,600,N,MICHIGAN,,
600 W ROOSEVELT,600,W,ROOSEVELT,,
600 W SCHUBERT,600,W,SCHUBERT,,
600 W VAN BUREN,600,W,VAN BUREN,,
6010 W IRVING PARK,6010,W,IRVING,PARK,
6016 S INGLESIDE,6016,S,INGLESIDE,,
6017 S INDIANA,6017,S,INDIANA,,
6024  DAMEN,6024,,DAMEN,,
6030 S INDIANA,6030,S,INDIANA,,
6030 W FLETCHER,6030,W,FLETCHER,,
6036 S COTTAGE GROVE,6036,S,COTTAGE GROVE,,
6038 N CALIFORNIA,6038,N,CALIFORNIA,,
6049 S SAWYER,6049,S,SAWYER,,
604 S PLYMOUTH CT,604,S,PLYMOUTH,CT,
6054 N BROADWAY,6054,N,BROADWAY,,
60 W ROSEMONT,60,W,ROSEMONT,,
610 S WESTERN,610,S,WESTERN,,
610 W BRIAR,610,W,BRIAR,,
611 W JACKSON,611,W,JACKSON,,
6120 S RACINE,6120,S,RACINE,,
6158 S ALBANY,6158,S,ALBANY,,
616 S PLYMOUTH CT,616,S,PLYMOUTH,CT,
616 W MADISON,616,W,MADISON,,
618 W MADISON,618,W,MADISON,,
61 E JACKSON,61,E,JACKSON,,
61 W ONTARIO,61,W,ONTARIO,,
6200  HOYNE,6200,,HOYNE,,
6203 S WHIPPLE,6203,S,WHIPPLE,,
6207 S KEATING,6207,S,KEATING,,
6207 S SACRAMENTO,6207,S,SACRAMENTO,,
6209 N LACROSSE,6209,N,LACROSSE,,
6210 S COTTAGE GROVE,6210,S,COTTAGE GROVE,,
6212 S TRIPP,6212,S,TRIPP,,
621 N LOTUS,621,N,LOTUS,,
623 S WABASH,623,S,WABASH,,
6258 N GLENWOOD,6258,N,GLENWOOD,,
628 W SHERIDAN,628,W,SHERIDAN,,
6303 S LEAMINGTON,6303,S,LEAMINGTON,,
6305 N MAGNOLIA,6305,N,MAGNOLIA,,
6306 N MAGNOLIA,6306,N,MAGNOLIA,,
630 N LOREL,630,N,LOREL,,
630 W HARRISON,630,W,HARRISON,,
6322 N OAKLEY,6322,N,OAKLEY,,
632 S PLYMOUTH,632,S,PLYMOUTH,,
6332 N KENMORE,6332,N,KENMORE,,
6345 S HOMAN AVE,6345,S,HOMAN,AVE,
6345 S WOLCOTT,6345,S,WOLCOTT,,
6346  CALIFORNIA,6346,,CALIFORNIA,,
6350  HOYNE,6350,,HOYNE,,
6350 N CLAREMONT,6350,N,CLAREMONT,,
6356 W EDDY,6356,W,EDDY,,
6415 S CALIFORNIA,6415,S,CALIFORNIA,,
6421 S DAMEN,6421,S,DAMEN,,
6425 S MARSHFIELD,6425,S,MARSHFIELD,,
6432 N MOZART,6432,N,MOZART,,
6433 N DAMEN,6433,N,DAMEN,,
643 W QUINCY,643,W,QUINCY,,
644 W MELROSE,644,W,MELROSE,,
6464 N CLARK STREET,6464,N,CLARK,STREET,
64 W SUPERIOR,64,W,SUPERIOR,,
6500 W IRVING PARK,6500,W,IRVING,PARK,
652 W ROSCOE,652,W,ROSCOE,,
6541 S CALIFORNIA,6541,S,CALIFORNIA,,
6544 S NORMAL,6544,S,NORMAL,,
656 W BRIAR,656,W,BRIAR,,
65 E OAK,65,E,OAK,,
6615 S CLAREMONT,6615,S,CLAREMONT,,
6655 S BELL,6655,S,BELL,,
665 W DIVERSEY PARKWAY,665,W,DIVERSEY,PARKWAY,
66 E WALTON,66,E,WALTON,,
6700 N LAKEWOOD,6700,N,LAKEWOOD,,
6702 S CREGIER,6702,S,CREGIER,,
6712 S RHODES,6712,S,RHODES,,
6713 N ASHLAND,6713,N,ASHLAND,,
6750 S HERMITAGE,6750,S,HERMITAGE,,
678 N WELLS,678,N,WELLS,,
67 E CEDAR,67,E,CEDAR,,
6804 S MICHIGAN,6804,S,MICHIGAN,,
6914 S OGLESBY,6914,S,OGLESBY,,
6972  RIDGE,6972,,RIDGE,,
6975 N RIDGE,6975,N,RIDGE,,
7001 S OGLESBY,7001,S,OGLESBY,,
700 S WABASH,700,S,WABASH,,
7042 W FOSTER,7042,W,FOSTER,,
704 N KINGSBURY,704,N,KINGSBURY,,
708 N WOOD,708,N,WOOD,,
7100 N RIDGE,7100,N,RIDGE,,
7100 S VERNON,7100,S,VERNON,,
7105 S MICHIGAN,7105,S,MICHIGAN,,
714 W 31ST ST,714,W,31ST,ST,
715 W BRIAR,715,W,BRIAR,,
719 N WILLARD CT,719,N,WILLARD,CT,
7203 S SANGAMON,7203,S,SANGAMON,,
7235 S UNION,7235,S,UNION,,
723 W OHIO,723,W,OHIO,,
724 N MENARD,724,N,MENARD,,
726 N MENARD,726,N,MENARD,,
72 W WASHINGTON,72,W,WASHINGTON,,
7304 S MARSHFIELD,7304,S,MARSHFIELD,,
7326 S BELL,7326,S,BELL,,
7349 S MARSHFIELD,7349,S,MARSHFIELD,,
7350 N SHERIDAN,7350,N,SHERIDAN,,
740 E 43RD,740,E,43RD,,
7410 S HALSTED,7410,S,HALSTED,,
741 N CLARK,741,N,CLARK,,
745 W ARMITAGE,745,W,ARMITAGE,,
7510 S MICHIGAN,7510,S,MICHIGAN,,
7514 S COTTAGE GROVE,7514,S,COTTAGE GROVE,,
758 N SEDGWICK,758,N,SEDGWICK,,
7703 S MAY,7703,S,MAY,,
7754 W BELMONT,7754,W,BELMONT,,
7805 S MAY,7805,S,MAY,,
7940 S COTTAGE GROVE,7940,S,COTTAGE GROVE,,
7948 S GREENWOOD,7948,S,GREENWOOD,,
7954 S WABASH,7954,S,WABASH,,
79 E ADAMS,79,E,ADAMS,,
8009 S COLES,8009,S,COLES,,
8026 S COTTAGE GROVE,8026,S,COTTAGE GROVE,,
8031 S COTTAGE GROVE,8031,S,COTTAGE GROVE,,
8042 S WABASH,8042,S,WABASH,,
804 S STATE,804,S,STATE,,
810 W WINDSOR,810,W,WINDSOR,,
815 N STATE,815,N,STATE,,
815 S WABASH,815,S,WABASH,,
821 N WINCHESTER,821,N,WINCHESTER,,
8241 S MARYLAND,8241,S,MARYLAND,,
824 N OGDEN,824,N,OGDEN,,
82 S ST LAWRENCE,82,S,ST LAWRENCE,,
830 S WABASH,830,S,WABASH,,
830 W LELAND,830,W,LELAND,,
831 N WINCHESTER,831,N,WINCHESTER,,
8327 S PEORIA,8327,S,PEORIA,,
835 N MICHIGAN,835,N,MICHIGAN,,
836 W ADDISON,836,W,ADDISON,,
840 W WASHINGTON,840,W,WASHINGTON,,
8429 S WABASH,8429,S,WABASH,,
842 N STATE,842,N,STATE,,
8521 S GREEN,8521,S,GREEN,,
857 S STATE,857,S,STATE,,
861 W WRIGHTWOOD,861,W,WRIGHTWOOD,,
863 W MARSHFIELD,863,W,MARSHFIELD,,
870 N WABASH,870,N,WABASH,,
876 N RUSH,876,N,RUSH,,
87 W 87TH,87,W,87TH,,
900 W SUNNYSIDE,900,W,SUNNYSIDE,,
909 W LAKESIDE,909,W,LAKESIDE,,
911 S WABASH,911,S,WABASH,,
918 W SCHOOL,918,W,SCHOOL,,
921 E 58TH ST,921,E,58TH,ST,
923 N SEDGWICK,923,N,SEDGWICK,,
927 S LAFLIN,927,S,LAFLIN,,
935 N HARDING,935,N,HARDING,,
944 S CANAL,944,S,CANAL,,
9459 S ASHLAND,9459,S,ASHLAND,,
946 N RUSH,946,N,RUSH,,
947 E 58TH ST,947,E,58TH,ST,
948 W ARMITAGE,948,W,ARMITAGE,,
948 W FLETCHER,948,W,FLETCHER,,
949 W ARMITAGE,949,W,ARMITAGE,,
9504 S NORMAL,9504,S,NORMAL,,
9514 S NORMAL,9514,S,NORMAL,,
953 N WINCHESTER,953,N,WINCHESTER,,
9545 S CONSTANCE,9545,S,CONSTANCE,,
9545 S HAMILTON,9545,S,HAMILTON,,
9733 S UNION,9733,S,UNION,,
DIVISION STREET,,,DIVISION,STREET,
EAST 100TH PLACE,,EAST,100TH,PLACE,
EAST 100TH STREET,,EAST,100TH,STREET,
EAST 101ST STREET,,EAST,101ST,STREET,
EAST 102ND PLACE,,EAST,102ND,PLACE,
EAST 102ND STREET,,EAST,102ND,STREET,
EAST 103RD PLACE,,EAST,103RD,PLACE,
EAST 103RD STREET,,EAST,103RD,STREET,
EAST 104TH STREET,,EAST,104TH,STREET,
EAST 105TH PLACE,,EAST,105TH,PLACE,
EAST 105TH STREET,,EAST,105TH,STREET,
EAST 106TH STREET,,EAST,106TH,STREET,
EAST 107TH STREET,,EAST,107TH,STREET,
EAST 108TH STREET,,EAST,108TH,STREET,
EAST 109TH STREET,,EAST,109TH,STREET,
EAST 110TH PLACE,,EAST,110TH,PLACE,
EAST 110TH STREET,,EAST,110TH,STREET,
EAST 111TH STREET,,EAST,111TH,STREET,
EAST 112TH STREET,,EAST,112TH,STREET,
EAST 113TH PLACE,,EAST,113TH,PLACE,
EAST 113TH STREET,,EAST,113TH,STREET,
EAST 114TH PLACE,,EAST,114TH,PLACE,
EAST 114TH STREET,,EAST,114TH,STREET,
EAST 115TH STREET,,EAST,115TH,STREET,
EAST 116TH STREET,,EAST,116TH,STREET,
EAST 117TH STREET,,EAST,117TH,STREET,
EAST 118TH PLACE,,EAST,118TH,PLACE,
EAST 118TH STREET,,EAST,118TH,STREET,
EAST 119TH STREET,,EAST,119TH,STREET,
EAST 11TH STREET,,EAST,11TH,STREET,
EAST 120TH PLACE,,EAST,120TH,PLACE,
EAST 120TH STREET,,EAST,120TH,STREET,
EAST 121ST PLACE,,EAST,121ST,PLACE,
EAST 121ST STREET,,EAST,121ST,STREET,
EAST 122ND PLACE,,EAST,122ND,PLACE,
EAST 122ND STREET,,EAST,122ND,STREET,
EAST 123RD STREET,,EAST,123RD,STREET,
EAST 124TH PLACE,,EAST,124TH,PLACE,
EAST 124TH STREET,,EAST,124TH,STREET,
EAST 125TH PLACE,,EAST,125TH,PLACE,
EAST 126TH STREET,,EAST,126TH,STREET,
EAST 127TH STREET,,EAST,127TH,STREET,
EAST 128TH STREET,,EAST,128TH,STREET,
EAST 130TH PLACE,,EAST,130TH,PLACE,
EAST 130TH STREET,,EAST,130TH,STREET,
EAST 131ST PLACE,,EAST,131ST,PLACE,
EAST 131ST STREET,,EAST,131ST,STREET,
EAST 132ND PLACE,,EAST,132ND,PLACE,
EAST 132ND STREET,,EAST,132ND,STREET,
EAST 133RD PLACE,,EAST,133RD,PLACE,
EAST 133RD STREET,,EAST,133RD,STREET,
EAST 134TH PLACE,,EAST,134TH,PLACE,
EAST 134TH STREET,,EAST,134TH,STREET,
EAST 135TH PLACE,,EAST,135TH,PLACE,
EAST 135TH STREET,,EAST,135TH,STREET,
EAST 136TH PLACE,,EAST,136TH,PLACE,
EAST 136TH STREET,,EAST,136TH,STREET,
EAST 137TH STREET,,EAST,137TH,STREET,
EAST 138TH STREET,,EAST,138TH,STREET,
EAST 13TH STREET,,EAST,13TH,STREET,
EAST 14TH STREET,,EAST,14TH,STREET,
EAST 16TH STREET,,EAST,16TH,STREET,
EAST 17TH STREET,,EAST,17TH,STREET,
EAST 18TH STREET,,EAST,18TH,STREET,
EAST 21ST STREET,,EAST,21ST,STREET,
EAST 23RD STREET,,EAST,23RD,STREET,
EAST 24TH STREET,,EAST,24TH,STREET,
EAST 25TH STREET,,EAST,25TH,STREET,
EAST 26TH STREET,,EAST,26TH,STREET,
EAST 29TH STREET,,EAST,29TH,STREET,
EAST 31ST STREET,,EAST,31ST,STREET,
EAST 32ND STREET,,EAST,32ND,STREET,
EAST 33RD BOULEVARD,,EAST,33RD,BOULEVARD,
EAST 33RD STREET,,EAST,33RD,STREET,
EAST 34TH STREET,,EAST,34TH,STREET,
EAST 35TH STREET,,EAST,35TH,STREET,
EAST 36TH PLACE,,EAST,36TH,PLACE,
EAST 36TH STREET,,EAST,36TH,STREET,
EAST 37TH STREET,,EAST,37TH,STREET,
EAST 38TH PLACE,,EAST,38TH,PLACE,
EAST 38TH STREET,,EAST,38TH,STREET,
EAST 40TH STREET,,EAST,40TH,STREET,
EAST 41ST PLACE,,EAST,41ST,PLACE,
EAST 41ST STREET,,EAST,41ST,STREET,
EAST 42ND PLACE,,EAST,42ND,PLACE,
EAST 42ND STREET,,EAST,42ND,STREET,
EAST 43RD STREET,,EAST,43RD,STREET,
EAST 44TH PLACE,,EAST,44TH,PLACE,
EAST 44TH STREET,,EAST,44TH,STREET,
EAST 45TH STREET,,EAST,45TH,STREET,
EAST 46TH PLACE,,EAST,46TH,PLACE,
EAST 46TH STREET,,EAST,46TH,STREET,
EAST 47TH PLACE,,EAST,47TH,PLACE,
EAST 47TH STREET,,EAST,47TH,STREET,
EAST 48TH PLACE,,EAST,48TH,PLACE,
EAST 48TH STREET,,EAST,48TH,STREET,
EAST 49TH STREET,,EAST,49TH,STREET,
EAST 50TH STREET,,EAST,50TH,STREET,
EAST 51ST STREET,,EAST,51ST,STREET,
EAST 52ND STREET,,EAST,52ND,STREET,
EAST 53RD STREET,,EAST,53RD,STREET,
EAST 54TH PLACE,,EAST,54TH,PLACE,
EAST 54TH STREET,,EAST,54TH,STREET,
EAST 55TH PLACE,,EAST,55TH,PLACE,
EAST 55TH STREET,,EAST,55TH,STREET,
EAST 56TH PLACE,,EAST,56TH,PLACE,
EAST 56TH STREET,,EAST,56TH,STREET,
EAST 57TH STREET,,EAST,57TH,STREET,
EAST 58TH STREET,,EAST,58TH,STREET,
EAST 59TH STREET,,EAST,59TH,STREET,
EAST 60TH STREET,,EAST,60TH,STREET,
EAST 61ST PLACE,,EAST,61ST,PLACE,
EAST 61ST STREET,,EAST,61ST,STREET,
EAST 62ND PLACE,,EAST,62ND,PLACE,
EAST 62ND STREET,,EAST,62ND,STREET,
EAST 63RD PLACE,,EAST,63RD,PLACE,
EAST 63RD STREET,,EAST,63RD,STREET,
EAST 64TH STREET,,EAST,64TH,STREET,
EAST 65TH STREET,,EAST,65TH,STREET,
EAST 66TH PLACE,,EAST,66TH,PLACE,
EAST 66TH STREET,,EAST,66TH,STREET,
EAST 67TH PLACE,,EAST,67TH,PLACE,
EAST 67TH STREET,,EAST,67TH,STREET,
EAST 68TH STREET,,EAST,68TH,STREET,
EAST 69TH STREET,,EAST,69TH,STREET,
EAST 70TH PLACE,,EAST,70TH,PLACE,
EAST 70TH STREET,,EAST,70TH,STREET,
EAST 71ST PLACE,,EAST,71ST,PLACE,
EAST 71ST STREET,,EAST,71ST,STREET,
EAST 72ND PLACE,,EAST,72ND,PLACE,
EAST 72ND STREET,,EAST,72ND,STREET,
EAST 73RD PLACE,,EAST,73RD,PLACE,
EAST 73RD STREET,,EAST,73RD,STREET,
EAST 74TH STREET,,EAST,74TH,STREET,
EAST 75TH PLACE,,EAST,75TH,PLACE,
EAST 75TH STREET,,EAST,75TH,STREET,
EAST 76TH PLACE,,EAST,76TH,PLACE,
EAST 76TH STREET,,EAST,76TH,STREET,
EAST 77TH STREET,,EAST,77TH,STREET,
EAST 78TH PLACE,,EAST,78TH,PLACE,
EAST 78TH STREET,,EAST,78TH,STREET,
EAST 79TH STREET,,EAST,79TH,STREET,
EAST 80TH STREET,,EAST,80TH,STREET,
EAST 81ST PLACE,,EAST,81ST,PLACE,
EAST 81ST STREET,,EAST,81ST,STREET,
EAST 82ND PLACE,,EAST,82ND,PLACE,
EAST 82ND STREET,,EAST,82ND,STREET,
EAST 83RD PLACE,,EAST,83RD,PLACE,
EAST 83RD STREET,,EAST,83RD,STREET,
EAST 84TH STREET,,EAST,84TH,STREET,
EAST 85TH STREET,,EAST,85TH,STREET,
EAST 86TH PLACE,,EAST,86TH,PLACE,
EAST 86TH STREET,,EAST,86TH,STREET,
EAST 87TH PLACE,,EAST,87TH,PLACE,
EAST 87TH STREET,,EAST,87TH,STREET,
EAST 88TH PLACE,,EAST,88TH,PLACE,
EAST 88TH STREET,,EAST,88TH,STREET,
EAST 89TH PLACE,,EAST,89TH,PLACE,
EAST 89TH STREET,,EAST,89TH,STREET,
EAST 8TH STREET,,EAST,8TH,STREET,
EAST 90TH STREET,,EAST,90TH,STREET,
EAST 91ST PLACE,,EAST,91ST,PLACE,
EAST 91ST STREET,,EAST,91ST,STREET,
EAST 92ND PLACE,,EAST,92ND,PLACE,
EAST 92ND STREET,,EAST,92ND,STREET,
EAST 93RD PLACE,,EAST,93RD,PLACE,
EAST 93RD STREET,,EAST,93RD,STREET,
EAST 94TH STREET,,EAST,94TH,STREET,
EAST 95TH STREET,,EAST,95TH,STREET,
EAST 96TH PLACE,,EAST,96TH,PLACE,
EAST 96TH STREET,,EAST,96TH,STREET,
EAST 97TH PLACE,,EAST,97TH,PLACE,
EAST 97TH STREET,,EAST,97TH,STREET,
EAST 98TH PLACE,,EAST,98TH,PLACE,
EAST 98TH STREET,,EAST,98TH,STREET,
EAST 99TH STREET,,EAST,99TH,STREET,
EAST 9TH STREET,,EAST,9TH,STREET,
EAST ADAMS STREET,,EAST,ADAMS,STREET,
EAST BALBO AVENUE,,EAST,BALBO,AVENUE,
EAST BANKS STREET,,EAST,BANKS,STREET,
EAST BELLEVUE PLACE,,EAST,BELLEVUE,PLACE,
EAST BOWEN AVENUE,,EAST,BOWEN,AVENUE,
EAST BRAYTON STREET,,EAST,BRAYTON,STREET,
EAST BURTON PLACE,,EAST,BURTON,PLACE,
EAST CEDAR STREET,,EAST,CEDAR,STREET,
EAST CERMAK ROAD,,EAST,CERMAK,ROAD,
EAST CHESTNUT STREET,,EAST,CHESTNUT,STREET,
EAST CHICAGO AVENUE,,EAST,CHICAGO,AVENUE,
EAST CONGRESS PARKWAY,,EAST,CONGRESS,PARKWAY,
EAST CULLERTON STREET,,EAST,CULLERTON,STREET,
EAST DELAWARE PLACE,,EAST,DELAWARE,PLACE,
EAST DIVISION STREET,,EAST,DIVISION,STREET,
EAST DREXEL SQUARE DRIVE,,EAST,DREXEL SQUARE,DRIVE,
EAST EASTGATE PLACE,,EAST,EASTGATE,PLACE,
EAST ELM STREET,,EAST,ELM,STREET,
EAST ERIE STREET,,EAST,ERIE,STREET,
EAST FINSBURY COURT,,EAST,FINSBURY,COURT,
EAST FOREMAN DRIVE,,EAST,FOREMAN,DRIVE,
EAST GARFIELD BOULEVARD,,EAST,GARFIELD,BOULEVARD,
EAST GOETHE STREET,,EAST,GOETHE,STREET,
EAST GRAND AVENUE,,EAST,GRAND,AVENUE,
EAST GROVELAND PARK,,EAST,GROVELAND,PARK,
EAST HARRISON STREET,,EAST,HARRISON,STREET,
EAST HAYES DRIVE,,EAST,HAYES,DRIVE,
EAST HUBBARD STREET,,EAST,HUBBARD,STREET,
EAST HURON STREET,,EAST,HURON,STREET,
EAST HYDE PARK BOULEVARD,,EAST,HYDE PARK,BOULEVARD,
EAST ILLINOIS STREET,,EAST,ILLINOIS,STREET,
EAST JACKSON BOULEVARD,,EAST,JACKSON,BOULEVARD,
EAST KENSINGTON AVENUE,,EAST,KENSINGTON,AVENUE,
EAST LAKE SHORE DRIVE,,EAST,LAKE SHORE,DRIVE,
EAST LAKE STREET,,EAST,LAKE,STREET,
EAST MADISON STREET,,EAST,MADISON,STREET,
EAST MARQUETTE ROAD,,EAST,MARQUETTE,ROAD,
EAST MCFETRIDGE DRIVE,,EAST,MCFETRIDGE,DRIVE,
EAST MONROE STREET,,EAST,MONROE,STREET,
EAST NORTH WATER STREET,,EAST,NORTH WATER,STREET,
EAST OAK STREET,,EAST,OAK,STREET,
EAST OAKWOOD BOULEVARD,,EAST,OAKWOOD,BOULEVARD,
EAST OHIO STREET,,EAST,OHIO,STREET,
EAST ONTARIO STREET,,EAST,ONTARIO,STREET,
EAST PEARSON STREET,,EAST,PEARSON,STREET,
EAST PERSHING AVENUE,,EAST,PERSHING,AVENUE,
EAST PERSHING ROAD,,EAST,PERSHING,ROAD,
EAST RANDOLPH STREET,,EAST,RANDOLPH,STREET,
EAST ROOSEVELT ROAD,,EAST,ROOSEVELT,ROAD,
EAST SCHILLER STREET,,EAST,SCHILLER,STREET,
EAST SCOTT STREET,,EAST,SCOTT,STREET,
EAST SOUTH WATER STREET,,EAST,SOUTH WATER,STREET,
EAST SUPERIOR STREET,,EAST,SUPERIOR,STREET,
EAST VAN BUREN STREET,,EAST,VAN BUREN,STREET,
EAST WACKER DRIVE,,EAST,WACKER,DRIVE,
EAST WACKER PLACE,,EAST,WACKER,PLACE,
EAST WALTON PLACE,,EAST,WALTON,PLACE,
EAST WALTON STREET,,EAST,WALTON,STREET,
EAST WASHINGTON STREET,,EAST,WASHINGTON,STREET,
EAST WATERSIDE DRIVE,,EAST,WATERSIDE,DRIVE,
EAST WOODLAND PARK,,EAST,WOODLAND,PARK,
NORTH ABERDEEN STREET,,NORTH,ABERDEEN,STREET,
NORTH ADA STREET,,NORTH,ADA,STREET,
NORTH ALBANY AVENUE,,NORTH,ALBANY,AVENUE,
NORTH ALGONQUIN AVENUE,,NORTH,ALGONQUIN,AVENUE,
NORTH ALLEN AVENUE,,NORTH,ALLEN,AVENUE,
NORTH ALTA VISTA TERRACE,,NORTH,ALTA VISTA,TERRACE,
NORTH ANCHOR DRIVE,,NORTH,ANCHOR,DRIVE,
NORTH ANTHON AVENUE,,NORTH,ANTHON,AVENUE,
NORTH ARMOUR STREET,,NORTH,ARMOUR,STREET,
NORTH ARTESIAN AVENUE,,NORTH,ARTESIAN,AVENUE,
NORTH ASHLAND AVENUE,,NORTH,ASHLAND,AVENUE,
NORTH ASHLAND BOULEVARD,,NORTH,ASHLAND,BOULEVARD,
NORTH ASTOR STREET,,NORTH,ASTOR,STREET,
NORTH AUSTIN AVENUE,,NORTH,AUSTIN,AVENUE,
NORTH AUSTIN BOULEVARD,,NORTH,AUSTIN,BOULEVARD,
NORTH AVERS AVENUE,,NORTH,AVERS,AVENUE,
NORTH AVONDALE AVENUE,,NORTH,AVONDALE,AVENUE,
NORTH BEACON STREET,,NORTH,BEACON,STREET,
NORTH BELL AVENUE,,NORTH,BELL,AVENUE,
NORTH BERNARD STREET,,NORTH,BERNARD,STREET,
NORTH BESLY COURT,,NORTH,BESLY,COURT,
NORTH BINGHAM STREET,,NORTH,BINGHAM,STREET,
NORTH BISHOP STREET,,NORTH,BISHOP,STREET,
NORTH BISSELL STREET,,NORTH,BISSELL,STREET,
NORTH BISSEL STREET,,NORTH,BISSEL,STREET,
NORTH BOSWORTH AVENUE,,NORTH,BOSWORTH,AVENUE,
NORTH BOWMANVILLE AVENUE,,NORTH,BOWMANVILLE,AVENUE,
NORTH BROADWAY STREET,,NORTH,BROADWAY,STREET,
NORTH BURLING STREET,,NORTH,BURLING,STREET,
NORTH BUSSE AVENUE,,NORTH,BUSSE,AVENUE,
NORTH CALDWELL AVENUE,,NORTH,CALDWELL,AVENUE,
NORTH CALIFORNIA AVENUE,,NORTH,CALIFORNIA,AVENUE,
NORTH CAMBRIDGE AVENUE,,NORTH,CAMBRIDGE,AVENUE,
NORTH CAMPBELL AVENUE,,NORTH,CAMPBELL,AVENUE,
NORTH CANAL STREET,,NORTH,CANAL,STREET,
NORTH CANFIELD AVENUE,,NORTH,CANFIELD,AVENUE,
NORTH CARPENTER STREET,,NORTH,CARPENTER,STREET,
NORTH CENTRAL AVENUE,,NORTH,CENTRAL,AVENUE,
NORTH CENTRAL PARK AVENUE,,NORTH,CENTRAL PARK,AVENUE,
NORTH CENTRAL PARK BOULEVARD,,NORTH,CENTRAL PARK,BOULEVARD,
NORTH CENTRAL PARK DRIVE,,NORTH,CENTRAL PARK,DRIVE,
NORTH CHERRY AVENUE,,NORTH,CHERRY,AVENUE,
NORTH CHESTER AVENUE,,NORTH,CHESTER,AVENUE,
NORTH CHICORA AVENUE,,NORTH,CHICORA,AVENUE,
NORTH CHRISTIANA AVENUE,,NORTH,CHRISTIANA,AVENUE,
NORTH CICERO AVENUE,,NORTH,CICERO,AVENUE,
NORTH CITYFRONT PLAZA DRIVE,,NORTH,CITYFRONT PLAZA,DRIVE,
NORTH CLAREDON AVENUE,,NORTH,CLAREDON,AVENUE,
NORTH CLAREMONT AVENUE,,NORTH,CLAREMONT,AVENUE,
NORTH CLARENDON AVENUE,,NORTH,CLARENDON,AVENUE,
NORTH CLARK STREET,,NORTH,CLARK,STREET,
NORTH CLEAVER STREET,,NORTH,CLEAVER,STREET,
NORTH CLEVELAND AVENUE,,NORTH,CLEVELAND,AVENUE,
NORTH CLIFFORD AVENUE,,NORTH,CLIFFORD,AVENUE,
NORTH CLIFTON AVENUE,,NORTH,CLIFTON,AVENUE,
NORTH CLINTON STREET,,NORTH,CLINTON,STREET,
NORTH CLYBOURN AVENUE,,NORTH,CLYBOURN,AVENUE,
NORTH COMMONWEALTH AVENUE,,NORTH,COMMONWEALTH,AVENUE,
NORTH CRILLY COURT,,NORTH,CRILLY,COURT,
NORTH CROSBY STREET,,NORTH,CROSBY,STREET,
NORTH CUMBERLAND AVENUE,,NORTH,CUMBERLAND,AVENUE,
NORTH DAMEN AVENUE,,NORTH,DAMEN,AVENUE,
NORTH DAVLIN COURT,,NORTH,DAVLIN,COURT,
NORTH DAWSON AVENUE,,NORTH,DAWSON,AVENUE,
NORTH DAYTON STREET,,NORTH,DAYTON,STREET,
NORTH DEAN STREET,,NORTH,DEAN,STREET,
NORTH DEARBORN STREET,,NORTH,DEARBORN,STREET,
NORTH DELPHIA AVENUE,,NORTH,DELPHIA,AVENUE,
NORTH DESPLAINES STREET,,NORTH,DESPLAINES,STREET,
NORTH DEVON AVENUE,,NORTH,DEVON,AVENUE,
NORTH DEWITT PLACE,,NORTH,DEWITT,PLACE,
NORTH DICKINSON AVENUE,,NORTH,DICKINSON,AVENUE,
NORTH DOMINICK STREET,,NORTH,DOMINICK,STREET,
NORTH DOVER STREET,,NORTH,DOVER,STREET,
NORTH DOWAGIAC AVENUE,,NORTH,DOWAGIAC,AVENUE,
NORTH DRAKE AVENUE,,NORTH,DRAKE,AVENUE,
NORTH EAST CIRCLE AVENUE,,NORTH,EAST CIRCLE,AVENUE,
NORTH EASTLAKE TERRACE,,NORTH,EASTLAKE,TERRACE,
NORTH EAST RIVER ROAD,,NORTH,EAST RIVER,ROAD,
NORTH EDENS PARKWAY,,NORTH,EDENS,PARKWAY,
NORTH EDGEBROOK TERRACE,,NORTH,EDGEBROOK,TERRACE,
NORTH ELAINE PLACE,,NORTH,ELAINE,PLACE,
NORTH ELBRIDGE AVENUE,,NORTH,ELBRIDGE,AVENUE,
NORTH ELIZABETH STREET,,NORTH,ELIZABETH,STREET,
NORTH ELK GROVE AVENUE,,NORTH,ELK GROVE,AVENUE,
NORTH ELSTON AVENUE,,NORTH,ELSTON,AVENUE,
NORTH EMMETT STREET,,NORTH,EMMETT,STREET,
NORTH FAIRBANKS COURT,,NORTH,FAIRBANKS,COURT,
NORTH FAIRFIELD AVENUE,,NORTH,FAIRFIELD,AVENUE,
NORTH FAIRVIEW AVENUE,,NORTH,FAIRVIEW,AVENUE,
NORTH FOREST GLEN AVENUE,,NORTH,FOREST GLEN,AVENUE,
NORTH FOREST VIEW AVENUE,,NORTH,FOREST VIEW,AVENUE,
NORTH FORESTVIEW AVENUE,,NORTH,FORESTVIEW,AVENUE,
NORTH FRANCISCO AVENUE,,NORTH,FRANCISCO,AVENUE,
NORTH FRANKLIN STREET,,NORTH,FRANKLIN,STREET,
NORTH FREMONT STREET,,NORTH,FREMONT,STREET,
NORTH FRONTIER AVENUE,,NORTH,FRONTIER,AVENUE,
NORTH GENEVA TERRACE,,NORTH,GENEVA,TERRACE,
NORTH GLENWOOD AVENUE,,NORTH,GLENWOOD,AVENUE,
NORTH GREEN STREET,,NORTH,GREEN,STREET,
NORTH GREENVIEW AVENUE,,NORTH,GREENVIEW,AVENUE,
NORTH GRESHAM AVENUE,,NORTH,GRESHAM,AVENUE,
NORTH HALSTED STREET,,NORTH,HALSTED,STREET,
NORTH HAMILTON AVENUE,,NORTH,HAMILTON,AVENUE,
NORTH HAMLIN AVENUE,,NORTH,HAMLIN,AVENUE,
NORTH HAMLIN BOULEVARD,,NORTH,HAMLIN,BOULEVARD,
NORTH HAMLIN COURT,,NORTH,HAMLIN,COURT,
NORTH HAMPDEN COURT,,NORTH,HAMPDEN,COURT,
NORTH HARBOR DRIVE,,NORTH,HARBOR,DRIVE,
NORTH HARDING AVENUE,,NORTH,HARDING,AVENUE,
NORTH HARLEM AVENUE,,NORTH,HARLEM,AVENUE,
NORTH HARTLAND COURT,,NORTH,HARTLAND,COURT,
NORTH HARTLAND STREET,,NORTH,HARTLAND,STREET,
NORTH HART STREET,,NORTH,HART,STREET,
NORTH HASKINS AVENUE,,NORTH,HASKINS,AVENUE,
NORTH HAUSSEN COURT,,NORTH,HAUSSEN,COURT,
NORTH HAZEL STREET,,NORTH,HAZEL,STREET,
NORTH HERMITAGE AVENUE,,NORTH,HERMITAGE,AVENUE,
NORTH HIAWATHA AVENUE,,NORTH,HIAWATHA,AVENUE,
NORTH HICKORY AVENUE,,NORTH,HICKORY,AVENUE,
NORTH HOMAN AVENUE,,NORTH,HOMAN,AVENUE,
NORTH HOMAN BOULEVARD,,NORTH,HOMAN,BOULEVARD,
NORTH HONORE STREET,,NORTH,HONORE,STREET,
NORTH HOOKER STREET,,NORTH,HOOKER,STREET,
NORTH HOWE STREET,,NORTH,HOWE,STREET,
NORTH HOYNE AVENUE,,NORTH,HOYNE,AVENUE,
NORTH HUDSON AVENUE,,NORTH,HUDSON,AVENUE,
NORTH HUMBOLDT BOULEVARD,,NORTH,HUMBOLDT,BOULEVARD,
NORTH INDIAN ROAD,,NORTH,INDIAN,ROAD,
NORTH IONIA AVENUE,,NORTH,IONIA,AVENUE,
NORTH IRENE AVENUE,,NORTH,IRENE,AVENUE,
NORTH JANSSEN AVENUE,,NORTH,JANSSEN,AVENUE,
NORTH JEAN AVENUE,,NORTH,JEAN,AVENUE,
NORTH JEFFERSON STREET,,NORTH,JEFFERSON,STREET,
NORTH JERSEY AVENUE,,NORTH,JERSEY,AVENUE,
NORTH JONES STREET,,NORTH,JONES,STREET,
NORTH JUSTINE STREET,,NORTH,JUSTINE,STREET,
NORTH KARLOV AVENUE,,NORTH,KARLOV,AVENUE,
NORTH KASSON AVENUE,,NORTH,KASSON,AVENUE,
NORTH KEARSARGE AVENUE,,NORTH,KEARSARGE,AVENUE,
NORTH KEATING AVENUE,,NORTH,KEATING,AVENUE,
NORTH KEDVALE AVENUE,,NORTH,KEDVALE,AVENUE,
NORTH KEDZIE AVENUE,,NORTH,KEDZIE,AVENUE,
NORTH KEDZIE BOULEVARD,,NORTH,KEDZIE,BOULEVARD,
NORTH KEELER AVENUE,,NORTH,KEELER,AVENUE,
NORTH KELSO AVENUE,,NORTH,KELSO,AVENUE,
NORTH KENMORE AVENUE,,NORTH,KENMORE,AVENUE,
NORTH KENNETH AVENUE,,NORTH,KENNETH,AVENUE,
NORTH KENNICOTT AVENUE,,NORTH,KENNICOTT,AVENUE,
NORTH KENNISON AVENUE,,NORTH,KENNISON,AVENUE,
NORTH KENOSHA AVENUE,,NORTH,KENOSHA,AVENUE,
NORTH KENTON AVENUE,,NORTH,KENTON,AVENUE,
NORTH KENTUCKY AVENUE,,NORTH,KENTUCKY,AVENUE,
NORTH KEOKUK AVENUE,,NORTH,KEOKUK,AVENUE,
NORTH KEOTA AVENUE,,NORTH,KEOTA,AVENUE,
NORTH KERBS AVENUE,,NORTH,KERBS,AVENUE,
NORTH KERCHEVAL AVENUE,,NORTH,KERCHEVAL,AVENUE,
NORTH KEWANEE AVENUE,,NORTH,KEWANEE,AVENUE,
NORTH KEYSTONE AVENUE,,NORTH,KEYSTONE,AVENUE,
NORTH KILBOURN AVENUE,,NORTH,KILBOURN,AVENUE,
NORTH KILDARE AVENUE,,NORTH,KILDARE,AVENUE,
NORTH KILPATRICK AVENUE,,NORTH,KILPATRICK,AVENUE,
NORTH KIMBALL AVENUE,,NORTH,KIMBALL,AVENUE,
NORTH KIMBERLY AVENUE,,NORTH,KIMBERLY,AVENUE,
NORTH KINGSBURY STREET,,NORTH,KINGSBURY,STREET,
NORTH KINGSDALE AVENUE,,NORTH,KINGSDALE,AVENUE,
NORTH KINZUA AVENUE,,NORTH,KINZUA,AVENUE,
NORTH KIONA AVENUE,,NORTH,KIONA,AVENUE,
NORTH KIRBY AVENUE,,NORTH,KIRBY,AVENUE,
NORTH KIRKWOOD AVENUE,,NORTH,KIRKWOOD,AVENUE,
NORTH KNOX AVENUE,,NORTH,KNOX,AVENUE,
NORTH KOLIN AVENUE,,NORTH,KOLIN,AVENUE,
NORTH KOLMAR AVENUE,,NORTH,KOLMAR,AVENUE,
NORTH KOSTNER AVENUE,,NORTH,KOSTNER,AVENUE,
NORTH KRUGER AVENUE,,NORTH,KRUGER,AVENUE,
NORTH LACEY AVENUE,,NORTH,LACEY,AVENUE,
NORTH LA CROSSE AVENUE,,NORTH,LA CROSSE,AVENUE,
NORTH LAFLIN STREET,,NORTH,LAFLIN,STREET,
NORTH LAKE SHORE DRIVE,,NORTH,LAKE SHORE,DRIVE,
NORTH LAKEVIEW AVENUE,,NORTH,LAKEVIEW,AVENUE,
NORTH LAKEWOOD AVENUE,,NORTH,LAKEWOOD,AVENUE,
NORTH LAMON AVENUE,,NORTH,LAMON,AVENUE,
NORTH LANDERS AVENUE,,NORTH,LANDERS,AVENUE,
NORTH LANSING AVENUE,,NORTH,LANSING,AVENUE,
NORTH LAPORTE AVENUE,,NORTH,LAPORTE,AVENUE,
NORTH LARAMIE AVENUE,,NORTH,LARAMIE,AVENUE,
NORTH LARNED AVENUE,,NORTH,LARNED,AVENUE,
NORTH LARRABEE STREET,,NORTH,LARRABEE,STREET,
NORTH LA SALLE DRIVE,,NORTH,LA SALLE,DRIVE,
NORTH LA SALLE STREET,,NORTH,LA SALLE,STREET,
NORTH LAS CASAS AVENUE,,NORTH,LAS CASAS,AVENUE,
NORTH LATHAM AVENUE,,NORTH,LATHAM,AVENUE,
NORTH LATROBE AVENUE,,NORTH,LATROBE,AVENUE,
NORTH LAVERGNE AVENUE,,NORTH,LAVERGNE,AVENUE,
NORTH LAWLER AVENUE,,NORTH,LAWLER,AVENUE,
NORTH LAWNDALE AVENUE,,NORTH,LAWNDALE,AVENUE,
NORTH LEADER AVENUE,,NORTH,LEADER,AVENUE,
NORTH LEAMINGTON AVENUE,,NORTH,LEAMINGTON,AVENUE,
NORTH LEAVENWORTH AVENUE,,NORTH,LEAVENWORTH,AVENUE,
NORTH LEAVITT STREET,,NORTH,LEAVITT,STREET,
NORTH LECLAIRE AVENUE,,NORTH,LECLAIRE,AVENUE,
NORTH LEGETT AVENUE,,NORTH,LEGETT,AVENUE,
NORTH LEHIGH AVENUE,,NORTH,LEHIGH,AVENUE,
NORTH LEHMANN COURT,,NORTH,LEHMANN,COURT,
NORTH LE MAI AVENUE,,NORTH,LE MAI,AVENUE,
NORTH LEMONT AVENUE,,NORTH,LEMONT,AVENUE,
NORTH LENOX AVENUE,,NORTH,LENOX,AVENUE,
NORTH LEONA AVENUE,,NORTH,LEONA,AVENUE,
NORTH LEONARD AVENUE,,NORTH,LEONARD,AVENUE,
NORTH LEOTI AVENUE,,NORTH,LEOTI,AVENUE,
NORTH LEROY AVENUE,,NORTH,LEROY,AVENUE,
NORTH LESSING STREET,,NORTH,LESSING,STREET,
NORTH LESTER AVENUE,,NORTH,LESTER,AVENUE,
NORTH LIANO AVENUE,,NORTH,LIANO,AVENUE,
NORTH LIEB AVENUE,,NORTH,LIEB,AVENUE,
NORTH LIGHTFOOT AVENUE,,NORTH,LIGHTFOOT,AVENUE,
NORTH LINCOLN AVENUE,,NORTH,LINCOLN,AVENUE,
NORTH LINCOLN PARK,,NORTH,LINCOLN,PARK,
NORTH LINCOLN PARK WEST,,NORTH,LINCOLN PARK,,WEST
NORTH LIND AVENUE,,NORTH,LIND,AVENUE,
NORTH LINDEN PLACE,,NORTH,LINDEN,PLACE,
NORTH LINDER AVENUE,,NORTH,LINDER,AVENUE,
NORTH LIPPS AVENUE,,NORTH,LIPPS,AVENUE,
NORTH LISTER AVENUE,,NORTH,LISTER,AVENUE,
NORTH LIVERMORE AVENUE,,NORTH,LIVERMORE,AVENUE,
NORTH LOCKWOOD AVENUE,,NORTH,LOCKWOOD,AVENUE,
NORTH LOLETA AVENUE,,NORTH,LOLETA,AVENUE,
NORTH LONDON AVENUE,,NORTH,LONDON,AVENUE,
NORTH LONG AVENUE,,NORTH,LONG,AVENUE,
NORTH LOOMIS STREET,,NORTH,LOOMIS,STREET,
NORTH LOREL AVENUE,,NORTH,LOREL,AVENUE,
NORTH LORING AVENUE,,NORTH,LORING,AVENUE,
NORTH LORON AVENUE,,NORTH,LORON,AVENUE,
NORTH LOTUS AVENUE,,NORTH,LOTUS,AVENUE,
NORTH LOUISE AVENUE,,NORTH,LOUISE,AVENUE,
NORTH LOVEJOY AVENUE,,NORTH,LOVEJOY,AVENUE,
NORTH LOWELL AVENUE,,NORTH,LOWELL,AVENUE,
NORTH LUCERNE AVENUE,,NORTH,LUCERNE,AVENUE,
NORTH LUDLAM AVENUE,,NORTH,LUDLAM,AVENUE,
NORTH LUNA AVENUE,,NORTH,LUNA,AVENUE,
NORTH LUNDY AVENUE,,NORTH,LUNDY,AVENUE,
NORTH LYNCH AVENUE,,NORTH,LYNCH,AVENUE,
NORTH MAGNET AVENUE,,NORTH,MAGNET,AVENUE,
NORTH MAGNOLIA AVENUE,,NORTH,MAGNOLIA,AVENUE,
NORTH MAJOR AVENUE,,NORTH,MAJOR,AVENUE,
NORTH MALDEN STREET,,NORTH,MALDEN,STREET,
NORTH MANDELL AVENUE,,NORTH,MANDELL,AVENUE,
NORTH MANGO AVENUE,,NORTH,MANGO,AVENUE,
NORTH MANILA AVENUE,,NORTH,MANILA,AVENUE,
NORTH MANKATO AVENUE,,NORTH,MANKATO,AVENUE,
NORTH MANOR AVENUE,,NORTH,MANOR,AVENUE,
NORTH MANTON AVENUE,,NORTH,MANTON,AVENUE,
NORTH MAPLEWOOD AVENUE,,NORTH,MAPLEWOOD,AVENUE,
NORTH MARCEY STREET,,NORTH,MARCEY,STREET,
NORTH MARIA COURT,,NORTH,MARIA,COURT,
NORTH MARION COURT,,NORTH,MARION,COURT,
NORTH MARKHAM AVENUE,,NORTH,MARKHAM,AVENUE,
NORTH MARMORA AVENUE,,NORTH,MARMORA,AVENUE,
NORTH MARSHFIELD AVENUE,,NORTH,MARSHFIELD,AVENUE,
NORTH MASON AVENUE,,NORTH,MASON,AVENUE,
NORTH MASSASOIT AVENUE,,NORTH,MASSASOIT,AVENUE,
NORTH MAUD AVENUE,,NORTH,MAUD,AVENUE,
NORTH MAYFIELD AVENUE,,NORTH,MAYFIELD,AVENUE,
NORTH MAY STREET,,NORTH,MAY,STREET,
NORTH MCALPIN AVENUE,,NORTH,MCALPIN,AVENUE,
NORTH MCCLELLAN AVENUE,,NORTH,MCCLELLAN,AVENUE,
NORTH MC CLURG COURT,,NORTH,MC CLURG,COURT,
NORTH MCCLURG COURT,,NORTH,MCCLURG,COURT,
NORTH MCCOOK AVENUE,,NORTH,MCCOOK,AVENUE,
NORTH MCCORMICK ROAD,,NORTH,MCCORMICK,ROAD,
NORTH MCLEOD AVENUE,,NORTH,MCLEOD,AVENUE,
NORTH MCVICKER AVENUE,,NORTH,MCVICKER,AVENUE,
NORTH MEADE AVENUE,,NORTH,MEADE,AVENUE,
NORTH MEDFORD AVENUE,,NORTH,MEDFORD,AVENUE,
NORTH MEDINA AVENUE,,NORTH,MEDINA,AVENUE,
NORTH MELVINA AVENUE,,NORTH,MELVINA,AVENUE,
NORTH MENARD AVENUE,,NORTH,MENARD,AVENUE,
NORTH MENDELL STREET,,NORTH,MENDELL,STREET,
NORTH MENDOTA AVENUE,,NORTH,MENDOTA,AVENUE,
NORTH MEREDITH AVENUE,,NORTH,MEREDITH,AVENUE,
NORTH MERRIMAC AVENUE,,NORTH,MERRIMAC,AVENUE,
NORTH MEYER AVENUE,,NORTH,MEYER,AVENUE,
NORTH MICHIGAN AVENUE,,NORTH,MICHIGAN,AVENUE,
NORTH MILDRED AVENUE,,NORTH,MILDRED,AVENUE,
NORTH MILTIMORE AVENUE,,NORTH,MILTIMORE,AVENUE,
NORTH MILTMORE AVENUE,,NORTH,MILTMORE,AVENUE,
NORTH MILWAUKEE AVENUE,,NORTH,MILWAUKEE,AVENUE,
NORTH MINNEHAHA AVENUE,,NORTH,MINNEHAHA,AVENUE,
NORTH MINNETONKA AVENUE,,NORTH,MINNETONKA,AVENUE,
NORTH MOBILE AVENUE,,NORTH,MOBILE,AVENUE,
NORTH MOHAWK STREET,,NORTH,MOHAWK,STREET,
NORTH MONITOR AVENUE,,NORTH,MONITOR,AVENUE,
NORTH MONON AVENUE,,NORTH,MONON,AVENUE,
NORTH MONT CLARE AVENUE,,NORTH,MONT CLARE,AVENUE,
NORTH MONTCLARE AVENUE,,NORTH,MONTCLARE,AVENUE,
NORTH MONTICELLO AVENUE,,NORTH,MONTICELLO,AVENUE,
NORTH MOODY AVENUE,,NORTH,MOODY,AVENUE,
NORTH MOORMAN STREET,,NORTH,MOORMAN,STREET,
NORTH MORGAN STREET,,NORTH,MORGAN,STREET,
NORTH MOSELLE AVENUE,,NORTH,MOSELLE,AVENUE,
NORTH MOZART STREET,,NORTH,MOZART,STREET,
NORTH MULLIGAN AVENUE,,NORTH,MULLIGAN,AVENUE,
NORTH NAGLE AVENUE,,NORTH,NAGLE,AVENUE,
NORTH NAPER AVENUE,,NORTH,NAPER,AVENUE,
NORTH NAPLES AVENUE,,NORTH,NAPLES,AVENUE,
NORTH NAPOLEON AVENUE,,NORTH,NAPOLEON,AVENUE,
NORTH NARRAGANSETT AVENUE,,NORTH,NARRAGANSETT,AVENUE,
NORTH NASHVILLE AVENUE,,NORTH,NASHVILLE,AVENUE,
NORTH NASSAU AVENUE,,NORTH,NASSAU,AVENUE,
NORTH NATCHEZ AVENUE,,NORTH,NATCHEZ,AVENUE,
NORTH NATOMA AVENUE,,NORTH,NATOMA,AVENUE,
NORTH NAVAJO AVENUE,,NORTH,NAVAJO,AVENUE,
NORTH NAVARRE AVENUE,,NORTH,NAVARRE,AVENUE,
NORTH NEENAH AVENUE,,NORTH,NEENAH,AVENUE,
NORTH NEOLA AVENUE,,NORTH,NEOLA,AVENUE,
NORTH NETTLETON AVENUE,,NORTH,NETTLETON,AVENUE,
NORTH NEVA AVENUE,,NORTH,NEVA,AVENUE,
NORTH NEWARK AVENUE,,NORTH,NEWARK,AVENUE,
NORTH NEWBURG AVENUE,,NORTH,NEWBURG,AVENUE,
NORTH NEWCASTLE AVENUE,,NORTH,NEWCASTLE,AVENUE,
NORTH NEW ENGLAND AVENUE,,NORTH,NEW ENGLAND,AVENUE,
NORTH NEWGARD AVENUE,,NORTH,NEWGARD,AVENUE,
NORTH NEW HAMPSHIRE AVENUE,,NORTH,NEW HAMPSHIRE,AVENUE,
NORTH NEWLAND AVENUE,,NORTH,NEWLAND,AVENUE,
NORTH NIAGARA AVENUE,,NORTH,NIAGARA,AVENUE,
NORTH NICKERSON AVENUE,,NORTH,NICKERSON,AVENUE,
NORTH NICOLET AVENUE,,NORTH,NICOLET,AVENUE,
NORTH NINA AVENUE,,NORTH,NINA,AVENUE,
NORTH NIXON AVENUE,,NORTH,NIXON,AVENUE,
NORTH NOBLE STREET,,NORTH,NOBLE,STREET,
NORTH NOKOMIS AVENUE,,NORTH,NOKOMIS,AVENUE,
NORTH NORA AVENUE,,NORTH,NORA,AVENUE,
NORTH NORDICA AVENUE,,NORTH,NORDICA,AVENUE,
NORTH NORMANDY AVENUE,,NORTH,NORMANDY,AVENUE,
NORTH NORTH BRANCH STREET,,NORTH,NORTH BRANCH,STREET,
NORTH NORTHCOTT AVENUE,,NORTH,NORTHCOTT,AVENUE,
NORTH NORTH PARK AVENUE,,NORTH,NORTH PARK,AVENUE,
NORTH NORTHWEST HIGHWAY,,NORTH,NORTHWEST,HIGHWAY,
NORTH NOTTINGHAM AVENUE,,NORTH,NOTTINGHAM,AVENUE,
NORTH OAKLEY AVENUE,,NORTH,OAKLEY,AVENUE,
NORTH OAKLEY BOULEVARD,,NORTH,OAKLEY,BOULEVARD,
NORTH OAK PARK AVENUE,,NORTH,OAK PARK,AVENUE,
NORTH OAKVIEW AVENUE,,NORTH,OAKVIEW,AVENUE,
NORTH OCONTO AVENUE,,NORTH,OCONTO,AVENUE,
NORTH OCTAVIA AVENUE,,NORTH,OCTAVIA,AVENUE,
NORTH ODELL AVENUE,,NORTH,ODELL,AVENUE,
NORTH OGALLAH AVENUE,,NORTH,OGALLAH,AVENUE,
NORTH OGDEN AVENUE,,NORTH,OGDEN,AVENUE,
NORTH OKETO AVENUE,,NORTH,OKETO,AVENUE,
NORTH OLCOTT AVENUE,,NORTH,OLCOTT,AVENUE,
NORTH OLEANDER AVENUE,,NORTH,OLEANDER,AVENUE,
NORTH OLIPHANT AVENUE,,NORTH,OLIPHANT,AVENUE,
NORTH OLMSTED AVENUE,,NORTH,OLMSTED,AVENUE,
NORTH OLYMPIA AVENUE,,NORTH,OLYMPIA,AVENUE,
NORTH ONARGA AVENUE,,NORTH,ONARGA,AVENUE,
NORTH ONEIDA AVENUE,,NORTH,ONEIDA,AVENUE,
NORTH OPAL AVENUE,,NORTH,OPAL,AVENUE,
NORTH ORANGE AVENUE,,NORTH,ORANGE,AVENUE,
NORTH ORCHARD STREET,,NORTH,ORCHARD,STREET,
NORTH ORIOLE AVENUE,,NORTH,ORIOLE,AVENUE,
NORTH ORLEANS STREET,,NORTH,ORLEANS,STREET,
NORTH OSAGE AVENUE,,NORTH,OSAGE,AVENUE,
NORTH OSCEOLA AVENUE,,NORTH,OSCEOLA,AVENUE,
NORTH OSHKOSH AVENUE,,NORTH,OSHKOSH,AVENUE,
NORTH OTTAWA AVENUE,,NORTH,OTTAWA,AVENUE,
NORTH OTTO AVENUE,,NORTH,OTTO,AVENUE,
NORTH OVERHILL AVENUE,,NORTH,OVERHILL,AVENUE,
NORTH OWEN AVENUE,,NORTH,OWEN,AVENUE,
NORTH OXFORD AVENUE,,NORTH,OXFORD,AVENUE,
NORTH OZANAM AVENUE,,NORTH,OZANAM,AVENUE,
NORTH OZARK AVENUE,,NORTH,OZARK,AVENUE,
NORTH PACIFIC AVENUE,,NORTH,PACIFIC,AVENUE,
NORTH PAGE AVENUE,,NORTH,PAGE,AVENUE,
NORTH PANAMA AVENUE,,NORTH,PANAMA,AVENUE,
NORTH PARIS AVENUE,,NORTH,PARIS,AVENUE,
NORTH PARK DRIVE,,NORTH,PARK,DRIVE,
NORTH PARKSIDE AVENUE,,NORTH,PARKSIDE,AVENUE,
NORTH PARKVIEW TERRACE,,NORTH,PARKVIEW,TERRACE,
NORTH PAULINA STREET,,NORTH,PAULINA,STREET,
NORTH PEORIA STREET,,NORTH,PEORIA,STREET,
NORTH PESHTIGO COURT,,NORTH,PESHTIGO,COURT,
NORTH PIER COURT,,NORTH,PIER,COURT,
NORTH PINE AVENUE,,NORTH,PINE,AVENUE,
NORTH PINE GROVE AVENUE,,NORTH,PINE GROVE,AVENUE,
NORTH PIONEER AVENUE,,NORTH,PIONEER,AVENUE,
NORTH PITTSBURGH AVENUE,,NORTH,PITTSBURGH,AVENUE,
NORTH PLAINFIELD AVENUE,,NORTH,PLAINFIELD,AVENUE,
NORTH POE STREET,,NORTH,POE,STREET,
NORTH POINT STREET,,NORTH,POINT,STREET,
NORTH PONCHARTRAIN BOULEVARD,,NORTH,PONCHARTRAIN,BOULEVARD,
NORTH PONTIAC AVENUE,,NORTH,PONTIAC,AVENUE,
NORTH POTAWATOMIE AVENUE,,NORTH,POTAWATOMIE,AVENUE,
NORTH PRESCOTT AVENUE,,NORTH,PRESCOTT,AVENUE,
NORTH PULASKI ROAD,,NORTH,PULASKI,ROAD,
NORTH RACINE AVENUE,,NORTH,RACINE,AVENUE,
NORTH RAVENSWOOD AVENUE,,NORTH,RAVENSWOOD,AVENUE,
NORTH REDWOOD DRIVE,,NORTH,REDWOOD,DRIVE,
NORTH RESERVE AVENUE,,NORTH,RESERVE,AVENUE,
NORTH RETA AVENUE,,NORTH,RETA,AVENUE,
NORTH RICHMOND STREET,,NORTH,RICHMOND,STREET,
NORTH RIDGE AVENUE,,NORTH,RIDGE,AVENUE,
NORTH RIDGE BOULEVARD,,NORTH,RIDGE,BOULEVARD,
NORTH RIDGEWAY AVENUE,,NORTH,RIDGEWAY,AVENUE,
NORTH RITCHIE COURT,,NORTH,RITCHIE,COURT,
NORTH RIVERS EDGE TERRACE,,NORTH,RIVERS EDGE,TERRACE,
NORTH RIVERSIDE PLAZA,,NORTH,RIVERSIDE,PLAZA,
NORTH RIVER WALK,,NORTH,RIVER,WALK,
NORTH RIVER WALK DRIVE,,NORTH,RIVER WALK,DRIVE,
NORTH RIVER WALK STREET,,NORTH,RIVER WALK,STREET,
NORTH ROCKWELL STREET,,NORTH,ROCKWELL,STREET,
NORTH ROGERS AVENUE,,NORTH,ROGERS,AVENUE,
NORTH ROSE STREET,,NORTH,ROSE,STREET,
NORTH RUSH STREET,,NORTH,RUSH,STREET,
NORTH RUTHERFORD AVENUE,,NORTH,RUTHERFORD,AVENUE,
NORTH SACRAMENTO AVENUE,,NORTH,SACRAMENTO,AVENUE,
NORTH SACRAMENTO BOULEVARD,,NORTH,SACRAMENTO,BOULEVARD,
NORTH SAINT JOHNS COURT,,NORTH,SAINT JOHNS,COURT,
NORTH SAINT LOUIS AVENUE,,NORTH,SAINT LOUIS,AVENUE,
NORTH SAINT MICHAELS COURT,,NORTH,SAINT MICHAELS,COURT,
NORTH SANDBURG TERRACE,,NORTH,SANDBURG,TERRACE,
NORTH SANGAMON STREET,,NORTH,SANGAMON,STREET,
NORTH SAUGANASH AVENUE,,NORTH,SAUGANASH,AVENUE,
NORTH SAUGANASH LANE,,NORTH,SAUGANASH,LANE,
NORTH SAWYER AVENUE,,NORTH,SAWYER,AVENUE,
NORTH SAYRE AVENUE,,NORTH,SAYRE,AVENUE,
NORTH SEDGWICK STREET,,NORTH,SEDGWICK,STREET,
NORTH SEELEY AVENUE,,NORTH,SEELEY,AVENUE,
NORTH SEMINARY AVENUE,,NORTH,SEMINARY,AVENUE,
NORTH SHAPLAND AVENUE,,NORTH,SHAPLAND,AVENUE,
NORTH SHEFFIELD AVENUE,,NORTH,SHEFFIELD,AVENUE,
NORTH SHERIDAN ROAD,,NORTH,SHERIDAN,ROAD,
NORTH SIOUX AVENUE,,NORTH,SIOUX,AVENUE,
NORTH SOUTHPORT AVENUE,,NORTH,SOUTHPORT,AVENUE,
NORTH SPAULDING AVENUE,,NORTH,SPAULDING,AVENUE,
NORTH SPOKANE AVENUE,,NORTH,SPOKANE,AVENUE,
NORTH SPRINGFIELD AVENUE,,NORTH,SPRINGFIELD,AVENUE,
NORTH STATE PARKWAY,,NORTH,STATE,PARKWAY,
NORTH STATE STREET,,NORTH,STATE,STREET,
NORTH STAVE STREET,,NORTH,STAVE,STREET,
NORTH STETSON AVENUE,,NORTH,STETSON,AVENUE,
NORTH STEVENS AVENUE,,NORTH,STEVENS,AVENUE,
NORTH STOCKTON DRIVE,,NORTH,STOCKTON,DRIVE,
NORTH STONE STREET,,NORTH,STONE,STREET,
NORTH SURREY COURT,,NORTH,SURREY,COURT,
NORTH TAHOMA AVENUE,,NORTH,TAHOMA,AVENUE,
NORTH TALMAN AVENUE,,NORTH,TALMAN,AVENUE,
NORTH THROOP STREET,,NORTH,THROOP,STREET,
NORTH TONTY AVENUE,,NORTH,TONTY,AVENUE,
NORTH TRIPP AVENUE,,NORTH,TRIPP,AVENUE,
NORTH TROY STREET,,NORTH,TROY,STREET,
NORTH TRUMBULL AVENUE,,NORTH,TRUMBULL,AVENUE,
NORTH UNION AVENUE,,NORTH,UNION,AVENUE,
NORTH VINE STREET,,NORTH,VINE,STREET,
NORTH VIRGINIA AVENUE,,NORTH,VIRGINIA,AVENUE,
NORTH WABASH AVENUE,,NORTH,WABASH,AVENUE,
NORTH WACKER DRIVE,,NORTH,WACKER,DRIVE,
NORTH WALLER AVENUE,,NORTH,WALLER,AVENUE,
NORTH WASHTENAW,,NORTH,WASHTENAW,,
NORTH WASHTENAW AVENUE,,NORTH,WASHTENAW,AVENUE,
NORTH WATERLOO COURT,,NORTH,WATERLOO,COURT,
NORTH WAUKESHA AVENUE,,NORTH,WAUKESHA,AVENUE,
NORTH WAYNE AVENUE,,NORTH,WAYNE,AVENUE,
NORTH WELLS STREET,,NORTH,WELLS,STREET,
NORTH WESLEY TERRACE,,NORTH,WESLEY,TERRACE,
NORTH WEST CIRCLE AVENUE,,,WEST CIRCLE,AVENUE,
NORTH WESTERN AVENUE,,NORTH,WESTERN,AVENUE,
NORTH WESTSHORE DRIVE,,NORTH,WESTSHORE,DRIVE,
NORTH WHIPPLE STREET,,NORTH,WHIPPLE,STREET,
NORTH WICKER PARK AVENUE,,NORTH,WICKER PARK,AVENUE,
NORTH WIELAND STREET,,NORTH,WIELAND,STREET,
NORTH WILDWOOD AVENUE,,NORTH,WILDWOOD,AVENUE,
NORTH WILLARD COURT,,NORTH,WILLARD,COURT,
NORTH WILLETTS COURT,,NORTH,WILLETTS,COURT,
NORTH WILMOT AVENUE,,NORTH,WILMOT,AVENUE,
NORTH WILTON AVENUE,,NORTH,WILTON,AVENUE,
NORTH WINCHESTER AVENUE,,NORTH,WINCHESTER,AVENUE,
NORTH WINNEBAGO AVENUE,,NORTH,WINNEBAGO,AVENUE,
NORTH WINTHROP AVENUE,,NORTH,WINTHROP,AVENUE,
NORTH WISNER AVENUE,,NORTH,WISNER,AVENUE,
NORTH WOLCOTT AVENUE,,NORTH,WOLCOTT,AVENUE,
NORTH WOODARD STREET,,NORTH,WOODARD,STREET,
NORTH WOOD STREET,,NORTH,WOOD,STREET,
PARK SHORE E,,,PARK,SHORE,E
SOUTH ABBOTT AVENUE,,SOUTH,ABBOTT,AVENUE,
SOUTH ABERDEEN STREET,,SOUTH,ABERDEEN,STREET,
SOUTH ADA STREET,,SOUTH,ADA,STREET,
SOUTH ALBANY AVENUE,,SOUTH,ALBANY,AVENUE,
SOUTH ALLPORT STREET,,SOUTH,ALLPORT,STREET,
SOUTH ANTHONY AVENUE,,SOUTH,ANTHONY,AVENUE,
SOUTH ARCHER AVENUE,,SOUTH,ARCHER,AVENUE,
SOUTH ARCH STREET,,SOUTH,ARCH,STREET,
SOUTH ARTESIAN AVENUE,,SOUTH,ARTESIAN,AVENUE,
SOUTH ASHLAND AVENUE,,SOUTH,ASHLAND,AVENUE,
SOUTH AUSTIN AVENUE,,SOUTH,AUSTIN,AVENUE,
SOUTH AUSTIN BOULEVARD,,SOUTH,AUSTIN,BOULEVARD,
SOUTH AVALON AVENUE,,SOUTH,AVALON,AVENUE,
SOUTH AVENUE B,,SOUTH,B,,AVENUE
SOUTH AVENUE C,,SOUTH,C,,AVENUE
SOUTH AVENUE D,,SOUTH,D,,AVENUE
SOUTH AVENUE E,,SOUTH,E,,AVENUE
SOUTH AVENUE F,,SOUTH,F,,AVENUE
SOUTH AVENUE G,,SOUTH,G,,AVENUE
SOUTH AVENUE H,,SOUTH,H,,AVENUE
SOUTH AVENUE J,,SOUTH,J,,AVENUE
SOUTH AVENUE K,,SOUTH,K,,AVENUE
SOUTH AVENUE L,,SOUTH,L,,AVENUE
SOUTH AVENUE M,,SOUTH,M,,AVENUE
SOUTH AVENUE N,,SOUTH,N,,AVENUE
SOUTH AVENUE O,,SOUTH,O,,AVENUE
SOUTH AVENUE O STREET,,SOUTH,O,STREET,AVENUE
SOUTH AVERS AVENUE,,SOUTH,AVERS,AVENUE,
SOUTH BAKER AVENUE,,SOUTH,BAKER,AVENUE,
SOUTH BALTIMORE AVENUE,,SOUTH,BALTIMORE,AVENUE,
SOUTH BELL AVENUE,,SOUTH,BELL,AVENUE,
SOUTH BENNETT AVENUE,,SOUTH,BENNETT,AVENUE,
SOUTH BENSLEY AVENUE,,SOUTH,BENSLEY,AVENUE,
SOUTH BENSON STREET,,SOUTH,BENSON,STREET,
SOUTH BERKELEY AVENUE,,SOUTH,BERKELEY,AVENUE,
SOUTH BEVERLY AVENUE,,SOUTH,BEVERLY,AVENUE,
SOUTH BIRKHOFF AVENUE,,SOUTH,BIRKHOFF,AVENUE,
SOUTH BISHOP STREET,,SOUTH,BISHOP,STREET,
SOUTH BLACKSTONE AVENUE,,SOUTH,BLACKSTONE,AVENUE,
SOUTH BLAKE STREET,,SOUTH,BLAKE,STREET,
SOUTH BLUE ISLAND AVENUE,,SOUTH,BLUE ISLAND,AVENUE,
SOUTH BONAPARTE STREET,,SOUTH,BONAPARTE,STREET,
SOUTH BOND AVENUE,,SOUTH,BOND,AVENUE,
SOUTH BONFIELD STREET,,SOUTH,BONFIELD,STREET,
SOUTH BOULEVARD WAY,,SOUTH,BOULEVARD,WAY,
SOUTH BRAINARD AVENUE,,SOUTH,BRAINARD,AVENUE,
SOUTH BRANDON AVENUE,,SOUTH,BRANDON,AVENUE,
SOUTH BRENNAN AVENUE,,SOUTH,BRENNAN,AVENUE,
SOUTH BRIGHTON PLACE,,SOUTH,BRIGHTON,PLACE,
SOUTH BROAD STREET,,SOUTH,BROAD,STREET,
SOUTH BUFFALO AVENUE,,SOUTH,BUFFALO,AVENUE,
SOUTH BURLEY AVENUE,,SOUTH,BURLEY,AVENUE,
SOUTH BURNHAM AVENUE,,SOUTH,BURNHAM,AVENUE,
SOUTH BURNSIDE AVENUE,,SOUTH,BURNSIDE,AVENUE,
SOUTH CALHOUN AVENUE,,SOUTH,CALHOUN,AVENUE,
SOUTH CALIFORNIA AVENUE,,SOUTH,CALIFORNIA,AVENUE,
SOUTH CALIFORNIA BOULEVARD,,SOUTH,CALIFORNIA,BOULEVARD,
SOUTH CALUMET AVENUE,,SOUTH,CALUMET,AVENUE,
SOUTH CALUMET PARKWAY,,SOUTH,CALUMET,PARKWAY,
SOUTH CAMPBELL AVENUE,,SOUTH,CAMPBELL,AVENUE,
SOUTH CAMPBELL STREET,,SOUTH,CAMPBELL,STREET,
SOUTH CANALPORT AVENUE,,SOUTH,CANALPORT,AVENUE,
SOUTH CANAL STREET,,SOUTH,CANAL,STREET,
SOUTH CARONDOLET AVENUE,,SOUTH,CARONDOLET,AVENUE,
SOUTH CARPENTER STREET,,SOUTH,CARPENTER,STREET,
SOUTH CENTRAL AVENUE,,SOUTH,CENTRAL,AVENUE,
SOUTH CENTRAL PARK AVENUE,,SOUTH,CENTRAL PARK,AVENUE,
SOUTH CENTRAL PARK BOULEVARD,,SOUTH,CENTRAL PARK,BOULEVARD,
SOUTH CHAMPLAIN AVENUE,,SOUTH,CHAMPLAIN,AVENUE,
SOUTH CHAPPEL AVENUE,,SOUTH,CHAPPEL,AVENUE,
SOUTH CHARLES STREET,,SOUTH,CHARLES,STREET,
SOUTH CHINA PLACE,,SOUTH,CHINA,PLACE,
SOUTH CHRISTIANA AVENUE,,SOUTH,CHRISTIANA,AVENUE,
SOUTH CHURCH STREET,,SOUTH,CHURCH,STREET,
SOUTH CICERO AVENUE,,SOUTH,CICERO,AVENUE,
SOUTH CLAREMONT AVENUE,,SOUTH,CLAREMONT,AVENUE,
SOUTH CLARK STREET,,SOUTH,CLARK,STREET,
SOUTH CLINTON STREET,,SOUTH,CLINTON,STREET,
SOUTH CLYDE AVENUE,,SOUTH,CLYDE,AVENUE,
SOUTH COLES AVENUE,,SOUTH,COLES,AVENUE,
SOUTH COLFAX AVENUE,,SOUTH,COLFAX,AVENUE,
SOUTH COLLES AVENUE,,SOUTH,COLLES,AVENUE,
SOUTH COLUMBUS DRIVE,,SOUTH,COLUMBUS,DRIVE,
SOUTH COMMERCIAL AVENUE,,SOUTH,COMMERCIAL,AVENUE,
SOUTH CONSTANCE AVENUE,,SOUTH,CONSTANCE,AVENUE,
SOUTH CORLISS AVENUE,,SOUTH,CORLISS,AVENUE,
SOUTH CORNELL AVENUE,,SOUTH,CORNELL,AVENUE,
SOUTH COTTAGE GROVE AVENUE,,SOUTH,COTTAGE GROVE,AVENUE,
SOUTH CRANDON AVENUE,,SOUTH,CRANDON,AVENUE,
SOUTH CREGIER AVENUE,,SOUTH,CREGIER,AVENUE,
SOUTH CROWELL STREET,,SOUTH,CROWELL,STREET,
SOUTH CYRIL AVENUE,,SOUTH,CYRIL,AVENUE,
SOUTH DAMEN AVENUE,,SOUTH,DAMEN,AVENUE,
SOUTH DANIEL DRIVE,,SOUTH,DANIEL,DRIVE,
SOUTH DANTE AVENUE,,SOUTH,DANTE,AVENUE,
SOUTH DAUPHIN AVENUE,,SOUTH,DAUPHIN,AVENUE,
SOUTH DAVOL STREET,,SOUTH,DAVOL,STREET,
SOUTH DEARBORN STREET,,SOUTH,DEARBORN,STREET,
SOUTH DENVIR AVENUE,,SOUTH,DENVIR,AVENUE,
SOUTH DES PLAINES STREET,,SOUTH,DES PLAINES,STREET,
SOUTH DESPLAINES STREET,,SOUTH,DESPLAINES,STREET,
SOUTH DOBSON AVENUE,,SOUTH,DOBSON,AVENUE,
SOUTH DORCHESTER AVENUE,,SOUTH,DORCHESTER,AVENUE,
SOUTH DOTY AVENUE,,SOUTH,DOTY,AVENUE,
SOUTH DRAKE AVENUE,,SOUTH,DRAKE,AVENUE,
SOUTH DREW STREET,,SOUTH,DREW,STREET,
SOUTH DREXEL AVENUE,,SOUTH,DREXEL,AVENUE,
SOUTH DREXEL SQUARE DRIVE,,SOUTH,DREXEL SQUARE,DRIVE,
SOUTH DUNBAR AVENUE,,SOUTH,DUNBAR,AVENUE,
SOUTH EAST END AVENUE,,SOUTH,EAST END,AVENUE,
SOUTH EAST VIEW PARK STREET,,SOUTH,EAST VIEW PARK,STREET,
SOUTH EBERHART AVENUE,,SOUTH,EBERHART,AVENUE,
SOUTH EDBROOKE AVENUE,,SOUTH,EDBROOKE,AVENUE,
SOUTH EGGLESTON AVENUE,,SOUTH,EGGLESTON,AVENUE,
SOUTH ELEANOR STREET,,SOUTH,ELEANOR,STREET,
SOUTH ELIAS COURT,,SOUTH,ELIAS,COURT,
SOUTH ELIZABETH STREET,,SOUTH,ELIZABETH,STREET,
SOUTH ELLIS AVENUE,,SOUTH,ELLIS,AVENUE,
SOUTH ELSDON AVENUE,,SOUTH,ELSDON,AVENUE,
SOUTH EMERALD AVENUE,,SOUTH,EMERALD,AVENUE,
SOUTH ESCANABA AVENUE,,SOUTH,ESCANABA,AVENUE,
SOUTH ESMOND STREET,,SOUTH,ESMOND,STREET,
SOUTH ESSEX AVENUE,,SOUTH,ESSEX,AVENUE,
SOUTH EUCLID AVENUE,,SOUTH,EUCLID,AVENUE,
SOUTH EUCLID PARKWAY,,SOUTH,EUCLID,PARKWAY,
SOUTH EVANS AVENUE,,SOUTH,EVANS,AVENUE,
SOUTH EVERETT AVENUE,,SOUTH,EVERETT,AVENUE,
SOUTH EWING AVENUE,,SOUTH,EWING,AVENUE,
SOUTH EXCHANGE AVENUE,,SOUTH,EXCHANGE,AVENUE,
SOUTH FAIRFIELD AVENUE,,SOUTH,FAIRFIELD,AVENUE,
SOUTH FARRELL STREET,,SOUTH,FARRELL,STREET,
SOUTH FEDERAL STREET,,SOUTH,FEDERAL,STREET,
SOUTH FORD AVENUE,,SOUTH,FORD,AVENUE,
SOUTH FOREST AVENUE,,SOUTH,FOREST,AVENUE,
SOUTH FORRESTVILLE AVENUE,,SOUTH,FORRESTVILLE,AVENUE,
SOUTH FRANCISCO AVENUE,,SOUTH,FRANCISCO,AVENUE,
SOUTH FRANKLIN STREET,,SOUTH,FRANKLIN,STREET,
SOUTH FRONT AVENUE,,SOUTH,FRONT,AVENUE,
SOUTH GENOA AVENUE,,SOUTH,GENOA,AVENUE,
SOUTH GILES AVENUE,,SOUTH,GILES,AVENUE,
SOUTH GIVINS COURT,,SOUTH,GIVINS,COURT,
SOUTH GLENROY AVENUE,,SOUTH,GLENROY,AVENUE,
SOUTH GRADY COURT,,SOUTH,GRADY,COURT,
SOUTH GRATTEN AVENUE,,SOUTH,GRATTEN,AVENUE,
SOUTH GREEN BAY AVENUE,,SOUTH,GREEN BAY,AVENUE,
SOUTH GREEN STREET,,SOUTH,GREEN,STREET,
SOUTH GREENWOOD AVENUE,,SOUTH,GREENWOOD,AVENUE,
SOUTH GROVE STREET,,SOUTH,GROVE,STREET,
SOUTH GULLIKSON ROAD,,SOUTH,GULLIKSON,ROAD,
SOUTH HALE AVENUE,,SOUTH,HALE,AVENUE,
SOUTH HALSTED STREET,,SOUTH,HALSTED,STREET,
SOUTH HAMILTON AVENUE,,SOUTH,HAMILTON,AVENUE,
SOUTH HAMLIN AVENUE,,SOUTH,HAMLIN,AVENUE,
SOUTH HARBOR AVENUE,,SOUTH,HARBOR,AVENUE,
SOUTH HARDING AVENUE,,SOUTH,HARDING,AVENUE,
SOUTH HARLEM AVENUE,,SOUTH,HARLEM,AVENUE,
SOUTH HARPER AVENUE,,SOUTH,HARPER,AVENUE,
SOUTH HARPER COURT,,SOUTH,HARPER,COURT,
SOUTH HARTWELL AVENUE,,SOUTH,HARTWELL,AVENUE,
SOUTH HARVARD AVENUE,,SOUTH,HARVARD,AVENUE,
SOUTH HAYNES COURT,,SOUTH,HAYNES,COURT,
SOUTH HAYNES STREET,,SOUTH,HAYNES,STREET,
SOUTH HEATH AVENUE,,SOUTH,HEATH,AVENUE,
SOUTH HERMITAGE AVENUE,,SOUTH,HERMITAGE,AVENUE,
SOUTH HERMOSA AVENUE,,SOUTH,HERMOSA,AVENUE,
SOUTH HILLOCK AVENUE,,SOUTH,HILLOCK,AVENUE,
SOUTH HOEY STREET,,SOUTH,HOEY,STREET,
SOUTH HOMAN AVENUE,,SOUTH,HOMAN,AVENUE,
SOUTH HOMEWOOD AVENUE,,SOUTH,HOMEWOOD,AVENUE,
SOUTH HONORE STREET,,SOUTH,HONORE,STREET,
SOUTH HOUSTON AVENUE,,SOUTH,HOUSTON,AVENUE,
SOUTH HOXIE AVENUE,,SOUTH,HOXIE,AVENUE,
SOUTH HOYNE AVENUE,,SOUTH,HOYNE,AVENUE,
SOUTH HYDE PARK BOULEVARD,,SOUTH,HYDE PARK,BOULEVARD,
SOUTH INDEPENDENCE BOULEVARD,,SOUTH,INDEPENDENCE,BOULEVARD,
SOUTH INDIANA AVENUE,,SOUTH,INDIANA,AVENUE,
SOUTH INDIANAPOLIS AVENUE,,SOUTH,INDIANAPOLIS,AVENUE,
SOUTH INGLESIDE AVENUE,,SOUTH,INGLESIDE,AVENUE,
SOUTH IRON STREET,,SOUTH,IRON,STREET,
SOUTH JEFFERSON STREET,,SOUTH,JEFFERSON,STREET,
SOUTH JEFFERY AVENUE,,SOUTH,JEFFERY,AVENUE,
SOUTH JEFFERY BOULEVARD,,SOUTH,JEFFERY,BOULEVARD,
SOUTH JUSTINE STREET,,SOUTH,JUSTINE,STREET,
SOUTH KARLOV AVENUE,,SOUTH,KARLOV,AVENUE,
SOUTH KEATING AVENUE,,SOUTH,KEATING,AVENUE,
SOUTH KEDVALE AVENUE,,SOUTH,KEDVALE,AVENUE,
SOUTH KEDZIE AVENUE,,SOUTH,KEDZIE,AVENUE,
SOUTH KEELER AVENUE,,SOUTH,KEELER,AVENUE,
SOUTH KEELEY STREET,,SOUTH,KEELEY,STREET,
SOUTH KENNETH AVENUE,,SOUTH,KENNETH,AVENUE,
SOUTH KENTON AVENUE,,SOUTH,KENTON,AVENUE,
SOUTH KENWOOD AVENUE,,SOUTH,KENWOOD,AVENUE,
SOUTH KERFOOT AVENUE,,SOUTH,KERFOOT,AVENUE,
SOUTH KILBOURN AVENUE,,SOUTH,KILBOURN,AVENUE,
SOUTH KILDARE AVENUE,,SOUTH,KILDARE,AVENUE,
SOUTH KILPATRICK AVENUE,,SOUTH,KILPATRICK,AVENUE,
SOUTH KIMBARK AVENUE,,SOUTH,KIMBARK,AVENUE,
SOUTH KINGSTON AVENUE,,SOUTH,KINGSTON,AVENUE,
SOUTH KIRKLAND AVENUE,,SOUTH,KIRKLAND,AVENUE,
SOUTH KNOX AVENUE,,SOUTH,KNOX,AVENUE,
SOUTH KOLIN AVENUE,,SOUTH,KOLIN,AVENUE,
SOUTH KOLMAR AVENUE,,SOUTH,KOLMAR,AVENUE,
SOUTH KOMENSKY AVENUE,,SOUTH,KOMENSKY,AVENUE,
SOUTH KOSTNER AVENUE,,SOUTH,KOSTNER,AVENUE,
SOUTH KREITER AVENUE,,SOUTH,KREITER,AVENUE,
SOUTH LA CROSSE AVENUE,,SOUTH,LA CROSSE,AVENUE,
SOUTH LAFAYETTE AVENUE,,SOUTH,LAFAYETTE,AVENUE,
SOUTH LAFLIN PLACE,,SOUTH,LAFLIN,PLACE,
SOUTH LAFLIN STREET,,SOUTH,LAFLIN,STREET,
SOUTH LAKE PARK AVENUE,,SOUTH,LAKE PARK,AVENUE,
SOUTH LAKE SHORE DRIVE,,SOUTH,LAKE SHORE,DRIVE,
SOUTH LAMON AVENUE,,SOUTH,LAMON,AVENUE,
SOUTH LANGLEY AVENUE,,SOUTH,LANGLEY,AVENUE,
SOUTH LAPORTE AVENUE,,SOUTH,LAPORTE,AVENUE,
SOUTH LARAMIE AVENUE,,SOUTH,LARAMIE,AVENUE,
SOUTH LA SALLE STREET,,SOUTH,LA SALLE,STREET,
SOUTH LATROBE AVENUE,,SOUTH,LATROBE,AVENUE,
SOUTH LAVERGNE AVENUE,,SOUTH,LAVERGNE,AVENUE,
SOUTH LAWLER AVENUE,,SOUTH,LAWLER,AVENUE,
SOUTH LAWNDALE AVENUE,,SOUTH,LAWNDALE,AVENUE,
SOUTH LEAMINGTON AVENUE,,SOUTH,LEAMINGTON,AVENUE,
SOUTH LEAVITT STREET,,SOUTH,LEAVITT,STREET,
SOUTH LECLAIRE AVENUE,,SOUTH,LECLAIRE,AVENUE,
SOUTH LEYDEN AVENUE,,SOUTH,LEYDEN,AVENUE,
SOUTH LINDER AVENUE,,SOUTH,LINDER,AVENUE,
SOUTH LITUANICA AVENUE,,SOUTH,LITUANICA,AVENUE,
SOUTH LLOYD AVENUE,,SOUTH,LLOYD,AVENUE,
SOUTH LOCK STREET,,SOUTH,LOCK,STREET,
SOUTH LOCKWOOD AVENUE,,SOUTH,LOCKWOOD,AVENUE,
SOUTH LONG AVENUE,,SOUTH,LONG,AVENUE,
SOUTH LONGWOOD DRIVE,,SOUTH,LONGWOOD,DRIVE,
SOUTH LOOMIS BOULEVARD,,SOUTH,LOOMIS,BOULEVARD,
SOUTH LOOMIS STREET,,SOUTH,LOOMIS,STREET,
SOUTH LOREL AVENUE,,SOUTH,LOREL,AVENUE,
SOUTH LOTHAIR AVENUE,,SOUTH,LOTHAIR,AVENUE,
SOUTH LOTUS AVENUE,,SOUTH,LOTUS,AVENUE,
SOUTH LOUIE PARKWAY,,SOUTH,LOUIE,PARKWAY,
SOUTH LOWE AVENUE,,SOUTH,LOWE,AVENUE,
SOUTH LUELLA AVENUE,,SOUTH,LUELLA,AVENUE,
SOUTH LUMBER STREET,,SOUTH,LUMBER,STREET,
SOUTH LUNA AVENUE,,SOUTH,LUNA,AVENUE,
SOUTH LYMAN STREET,,SOUTH,LYMAN,STREET,
SOUTH LYON AVENUE,,SOUTH,LYON,AVENUE,
SOUTH LYTLE STREET,,SOUTH,LYTLE,STREET,
SOUTH MACKINAW AVENUE,,SOUTH,MACKINAW,AVENUE,
SOUTH MAJOR AVENUE,,SOUTH,MAJOR,AVENUE,
SOUTH MALTA STREET,,SOUTH,MALTA,STREET,
SOUTH MANISTEE AVENUE,,SOUTH,MANISTEE,AVENUE,
SOUTH MAPLEWOOD AVENUE,,SOUTH,MAPLEWOOD,AVENUE,
SOUTH MARQUETTE AVENUE,,SOUTH,MARQUETTE,AVENUE,
SOUTH MARQUETTE ROAD,,SOUTH,MARQUETTE,ROAD,
SOUTH MARSHALL BOULEVARD,,SOUTH,MARSHALL,BOULEVARD,
SOUTH MARSHFIELD AVENUE,,SOUTH,MARSHFIELD,AVENUE,
SOUTH MARTIN STREET,,SOUTH,MARTIN,STREET,
SOUTH MARYLAND AVENUE,,SOUTH,MARYLAND,AVENUE,
SOUTH MARY STREET,,SOUTH,MARY,STREET,
SOUTH MASON AVENUE,,SOUTH,MASON,AVENUE,
SOUTH MASSASOIT AVENUE,,SOUTH,MASSASOIT,AVENUE,
SOUTH MAYFIELD AVENUE,,SOUTH,MAYFIELD,AVENUE,
SOUTH MAY STREET,,SOUTH,MAY,STREET,
SOUTH MC DOWELL AVENUE,,SOUTH,MC DOWELL,AVENUE,
SOUTH MCDOWELL AVENUE,,SOUTH,MCDOWELL,AVENUE,
SOUTH MCVICKER AVENUE,,SOUTH,MCVICKER,AVENUE,
SOUTH MEADE AVENUE,,SOUTH,MEADE,AVENUE,
SOUTH MELODY COURT,,SOUTH,MELODY,COURT,
SOUTH MELVINA AVENUE,,SOUTH,MELVINA,AVENUE,
SOUTH MENARD AVENUE,,SOUTH,MENARD,AVENUE,
SOUTH MERRILL AVENUE,,SOUTH,MERRILL,AVENUE,
SOUTH MERRIMAC AVENUE,,SOUTH,MERRIMAC,AVENUE,
SOUTH MERRION AVENUE,,SOUTH,MERRION,AVENUE,
SOUTH MICHIGAN AVENUE,,SOUTH,MICHIGAN,AVENUE,
SOUTH MICHIGAN STREET,,SOUTH,MICHIGAN,STREET,
SOUTH MILLARD AVENUE,,SOUTH,MILLARD,AVENUE,
SOUTH MILLER STREET,,SOUTH,MILLER,STREET,
SOUTH MINERVA AVENUE,,SOUTH,MINERVA,AVENUE,
SOUTH MOBILE AVENUE,,SOUTH,MOBILE,AVENUE,
SOUTH MONITOR AVENUE,,SOUTH,MONITOR,AVENUE,
SOUTH MONTGOMERY AVENUE,,SOUTH,MONTGOMERY,AVENUE,
SOUTH MOODY AVENUE,,SOUTH,MOODY,AVENUE,
SOUTH MORGAN STREET,,SOUTH,MORGAN,STREET,
SOUTH MOZART STREET,,SOUTH,MOZART,STREET,
SOUTH MULLIGAN AVENUE,,SOUTH,MULLIGAN,AVENUE,
SOUTH MUSKEGON AVENUE,,SOUTH,MUSKEGON,AVENUE,
SOUTH NAGLE AVENUE,,SOUTH,NAGLE,AVENUE,
SOUTH NARRAGANSETT AVENUE,,SOUTH,NARRAGANSETT,AVENUE,
SOUTH NASHVILLE AVENUE,,SOUTH,NASHVILLE,AVENUE,
SOUTH NATCHEZ AVENUE,,SOUTH,NATCHEZ,AVENUE,
SOUTH NATOMA AVENUE,,SOUTH,NATOMA,AVENUE,
SOUTH NEENAH AVENUE,,SOUTH,NEENAH,AVENUE,
SOUTH NEVA AVENUE,,SOUTH,NEVA,AVENUE,
SOUTH NEWBERRY AVENUE,,SOUTH,NEWBERRY,AVENUE,
SOUTH NEWCASTLE AVENUE,,SOUTH,NEWCASTLE,AVENUE,
SOUTH NEW ENGLAND AVENUE,,SOUTH,NEW ENGLAND,AVENUE,
SOUTH NEWLAND AVENUE,,SOUTH,NEWLAND,AVENUE,
SOUTH NORDICA AVENUE,,SOUTH,NORDICA,AVENUE,
SOUTH NORMAL AVENUE,,SOUTH,NORMAL,AVENUE,
SOUTH NORMAL BOULEVARD,,SOUTH,NORMAL,BOULEVARD,
SOUTH NORMANDY AVENUE,,SOUTH,NORMANDY,AVENUE,
SOUTH NOTTINGHAM AVENUE,,SOUTH,NOTTINGHAM,AVENUE,
SOUTH OAKENWALD AVENUE,,SOUTH,OAKENWALD,AVENUE,
SOUTH OAKLEY AVENUE,,SOUTH,OAKLEY,AVENUE,
SOUTH OAKLEY BOULEVARD,,SOUTH,OAKLEY,BOULEVARD,
SOUTH OAK PARK AVENUE,,SOUTH,OAK PARK,AVENUE,
SOUTH OGLESBY AVENUE,,SOUTH,OGLESBY,AVENUE,
SOUTH PACKERS AVENUE,,SOUTH,PACKERS,AVENUE,
SOUTH PARKSIDE AVENUE,,SOUTH,PARKSIDE,AVENUE,
SOUTH PARK TERRACE,,SOUTH,PARK,TERRACE,
SOUTH PARNELL AVENUE,,SOUTH,PARNELL,AVENUE,
SOUTH PAULINA STREET,,SOUTH,PAULINA,STREET,
SOUTH PAXTON AVENUE,,SOUTH,PAXTON,AVENUE,
SOUTH PEORIA STREET,,SOUTH,PEORIA,STREET,
SOUTH PERRY AVENUE,,SOUTH,PERRY,AVENUE,
SOUTH PHILLIPS AVENUE,,SOUTH,PHILLIPS,AVENUE,
SOUTH PITNEY COURT,,SOUTH,PITNEY,COURT,
SOUTH PLEASANT AVENUE,,SOUTH,PLEASANT,AVENUE,
SOUTH PLYMOUTH COURT,,SOUTH,PLYMOUTH,COURT,
SOUTH POPLAR AVENUE,,SOUTH,POPLAR,AVENUE,
SOUTH PRAIRIE AVENUE,,SOUTH,PRAIRIE,AVENUE,
SOUTH PRAIRIE PARKWAY,,SOUTH,PRAIRIE,PARKWAY,
SOUTH PRINCETON AVENUE,,SOUTH,PRINCETON,AVENUE,
SOUTH PROMONTORY DRIVE,,SOUTH,PROMONTORY,DRIVE,
SOUTH PROSPECT AVENUE,,SOUTH,PROSPECT,AVENUE,
SOUTH PROSPECT SQUARE,,SOUTH,PROSPECT,SQUARE,
SOUTH PULASKI ROAD,,SOUTH,PULASKI,ROAD,
SOUTH QUINN STREET,,SOUTH,QUINN,STREET,
SOUTH RACINE AVENUE,,SOUTH,RACINE,AVENUE,
SOUTH REILLY AVENUE,,SOUTH,REILLY,AVENUE,
SOUTH RHODES AVENUE,,SOUTH,RHODES,AVENUE,
SOUTH RICHARD DRIVE,,SOUTH,RICHARD,DRIVE,
SOUTH RICHMOND STREET,,SOUTH,RICHMOND,STREET,
SOUTH RIDGELAND AVENUE,,SOUTH,RIDGELAND,AVENUE,
SOUTH RIDGEWAY AVENUE,,SOUTH,RIDGEWAY,AVENUE,
SOUTH RIDGEWOOD COURT,,SOUTH,RIDGEWOOD,COURT,
SOUTH RIVERDALE AVENUE,,SOUTH,RIVERDALE,AVENUE,
SOUTH RIVERSIDE PLAZA,,SOUTH,RIVERSIDE,PLAZA,
SOUTH ROCKWELL STREET,,SOUTH,ROCKWELL,STREET,
SOUTH ROSS AVENUE,,SOUTH,ROSS,AVENUE,
SOUTH RUBLE STREET,,SOUTH,RUBLE,STREET,
SOUTH RUTHERFORD AVENUE,,SOUTH,RUTHERFORD,AVENUE,
SOUTH SACRAMENTO AVENUE,,SOUTH,SACRAMENTO,AVENUE,
SOUTH SACRAMENTO BOULEVARD,,SOUTH,SACRAMENTO,BOULEVARD,
SOUTH SACRAMENTO DRIVE,,SOUTH,SACRAMENTO,DRIVE,
SOUTH SAGINAW AVENUE,,SOUTH,SAGINAW,AVENUE,
SOUTH SAINT LAWRENCE AVENUE,,SOUTH,SAINT LAWRENCE,AVENUE,
SOUTH SAINT LOUIS AVENUE,,SOUTH,SAINT LOUIS,AVENUE,
SOUTH SANGAMON STREET,,SOUTH,SANGAMON,STREET,
SOUTH SAWYER AVENUE,,SOUTH,SAWYER,AVENUE,
SOUTH SAYRE AVENUE,,SOUTH,SAYRE,AVENUE,
SOUTH SCOTTSDALE AVENUE,,SOUTH,SCOTTSDALE,AVENUE,
SOUTH SEELEY AVENUE,,SOUTH,SEELEY,AVENUE,
SOUTH SENOUR AVENUE,,SOUTH,SENOUR,AVENUE,
SOUTH SHELBY COURT,,SOUTH,SHELBY,COURT,
SOUTH SHIELDS AVENUE,,SOUTH,SHIELDS,AVENUE,
SOUTH SHORE DRIVE,,SOUTH,SHORE,DRIVE,
SOUTH SHORT STREET,,SOUTH,SHORT,STREET,
SOUTH SOUTH CHICAGO AVENUE,,,,,SOUTH SOUTH CHICAGO AVENUE
SOUTH SOUTH SHORE DRIVE,,SOUTH,SOUTH SHORE,DRIVE,
SOUTH SPAULDING AVENUE,,SOUTH,SPAULDING,AVENUE,
SOUTH SPRINGFIELD AVENUE,,SOUTH,SPRINGFIELD,AVENUE,
SOUTH STARK STREET,,SOUTH,STARK,STREET,
SOUTH STATE LINE ROAD,,SOUTH,STATE LINE,ROAD,
SOUTH STATE STREET,,SOUTH,STATE,STREET,
SOUTH STEWART AVENUE,,SOUTH,STEWART,AVENUE,
SOUTH STONY ISLAND AVENUE,,SOUTH,STONY ISLAND,AVENUE,
SOUTH SUMMIT AVENUE,,SOUTH,SUMMIT,AVENUE,
SOUTH TALMAN AVENUE,,SOUTH,TALMAN,AVENUE,
SOUTH TAN COURT,,SOUTH,TAN,COURT,
SOUTH THROOP PARKWAY,,SOUTH,THROOP,PARKWAY,
SOUTH THROOP STREET,,SOUTH,THROOP,STREET,
SOUTH TOM PARKWAY,,SOUTH,TOM,PARKWAY,
SOUTH TORRENCE AVENUE,,SOUTH,TORRENCE,AVENUE,
SOUTH TRIPP AVENUE,,SOUTH,TRIPP,AVENUE,
SOUTH TROY STREET,,SOUTH,TROY,STREET,
SOUTH TRUMBULL AVENUE,,SOUTH,TRUMBULL,AVENUE,
SOUTH UNION AVENUE,,SOUTH,UNION,AVENUE,
SOUTH UNIVERSITY AVENUE,,SOUTH,UNIVERSITY,AVENUE,
SOUTH URBAN AVENUE,,SOUTH,URBAN,AVENUE,
SOUTH VANDERPOEL AVENUE,,SOUTH,VANDERPOEL,AVENUE,
SOUTH VAN VLISSINGEN ROAD,,SOUTH,VAN VLISSINGEN,ROAD,
SOUTH VERNON AVENUE,,SOUTH,VERNON,AVENUE,
SOUTH VINCENNES AVENUE,,SOUTH,VINCENNES,AVENUE,
SOUTH WABASH AVENUE,,SOUTH,WABASH,AVENUE,
SOUTH WACKER DRIVE,,SOUTH,WACKER,DRIVE,
SOUTH WALLACE STREET,,SOUTH,WALLACE,STREET,
SOUTH WALLER AVENUE,,SOUTH,WALLER,AVENUE,
SOUTH WALL STREET,,SOUTH,WALL,STREET,
SOUTH WASHINGTON PARK COURT,,SOUTH,WASHINGTON PARK,COURT,
SOUTH WASHTENAW AVENUE,,SOUTH,WASHTENAW,AVENUE,
SOUTH WATKINS AVENUE,,SOUTH,WATKINS,AVENUE,
SOUTH WELLS STREET,,SOUTH,WELLS,STREET,
SOUTH WENTWORTH AVENUE,,SOUTH,WENTWORTH,AVENUE,
SOUTH WESTERN AVENUE,,SOUTH,WESTERN,AVENUE,
SOUTH WHIPPLE STREET,,SOUTH,WHIPPLE,STREET,
SOUTH WILLIAMS AVENUE,,SOUTH,WILLIAMS,AVENUE,
SOUTH WINCHESTER AVENUE,,SOUTH,WINCHESTER,AVENUE,
SOUTH WINSTON AVENUE,,SOUTH,WINSTON,AVENUE,
SOUTH WOLCOTT AVENUE,,SOUTH,WOLCOTT,AVENUE,
SOUTH WOODLAWN AVENUE,,SOUTH,WOODLAWN,AVENUE,
SOUTH WOOD STREET,,SOUTH,WOOD,STREET,
SOUTH YALE AVENUE,,SOUTH,YALE,AVENUE,
SOUTH YATES AVENUE,,SOUTH,YATES,AVENUE,
SOUTH YATES BOULEVARD,,SOUTH,YATES,BOULEVARD,
WEST 100TH STREET,,WEST,100TH,STREET,
WEST 101ST STREET,,WEST,101ST,STREET,
WEST 102ND PLACE,,WEST,102ND,PLACE,
WEST 102ND STREET,,WEST,102ND,STREET,
WEST 103RD PLACE,,WEST,103RD,PLACE,
WEST 103RD STREET,,WEST,103RD,STREET,
WEST 104TH STREET,,WEST,104TH,STREET,
WEST 105TH PLACE,,WEST,105TH,PLACE,
WEST 105TH STREET,,WEST,105TH,STREET,
WEST 106TH PLACE,,WEST,106TH,PLACE,
WEST 106TH STREET,,WEST,106TH,STREET,
WEST 107TH PLACE,,WEST,107TH,PLACE,
WEST 107th STREET,,WEST,107th,STREET,
WEST 107TH STREET,,WEST,107TH,STREET,
WEST 108TH PLACE,,WEST,108TH,PLACE,
WEST 108TH STREET,,WEST,108TH,STREET,
WEST 109TH PLACE,,WEST,109TH,PLACE,
WEST 109TH STREET,,WEST,109TH,STREET,
WEST 110TH PLACE,,WEST,110TH,PLACE,
WEST 110TH STREET,,WEST,110TH,STREET,
WEST 111TH PLACE,,WEST,111TH,PLACE,
WEST 111TH STREET,,WEST,111TH,STREET,
WEST 112TH PLACE,,WEST,112TH,PLACE,
WEST 112TH STREET,,WEST,112TH,STREET,
WEST 113TH STREET,,WEST,113TH,STREET,
WEST 114TH PLACE,,WEST,114TH,PLACE,
WEST 114TH STREET,,WEST,114TH,STREET,
WEST 115TH PLACE,,WEST,115TH,PLACE,
WEST 115TH STREET,,WEST,115TH,STREET,
WEST 116TH PLACE,,WEST,116TH,PLACE,
WEST 116TH STREET,,WEST,116TH,STREET,
WEST 117TH PLACE,,WEST,117TH,PLACE,
WEST 117TH STREET,,WEST,117TH,STREET,
WEST 118TH PLACE,,WEST,118TH,PLACE,
WEST 118TH STREET,,WEST,118TH,STREET,
WEST 119TH STREET,,WEST,119TH,STREET,
WEST 120TH STREET,,WEST,120TH,STREET,
WEST 121ST STREET,,WEST,121ST,STREET,
WEST 122ND PLACE,,WEST,122ND,PLACE,
WEST 122ND STREET,,WEST,122ND,STREET,
WEST 123RD STREET,,WEST,123RD,STREET,
WEST 124TH STREET,,WEST,124TH,STREET,
WEST 125TH PLACE,,WEST,125TH,PLACE,
WEST 125TH STREET,,WEST,125TH,STREET,
WEST 126TH STREET,,WEST,126TH,STREET,
WEST 127TH PLACE,,WEST,127TH,PLACE,
WEST 127TH STREET,,WEST,127TH,STREET,
WEST 128TH PLACE,,WEST,128TH,PLACE,
WEST 128TH STREET,,WEST,128TH,STREET,
WEST 129TH PLACE,,WEST,129TH,PLACE,
WEST 12TH PLACE,,WEST,12TH,PLACE,
WEST 13TH PLACE,,WEST,13TH,PLACE,
WEST 13TH STREET,,WEST,13TH,STREET,
WEST 14TH STREET,,WEST,14TH,STREET,
WEST 15TH PLACE,,WEST,15TH,PLACE,
WEST 15TH STREET,,WEST,15TH,STREET,
WEST 16TH STREET,,WEST,16TH,STREET,
WEST 17TH STREET,,WEST,17TH,STREET,
WEST 18TH PLACE,,WEST,18TH,PLACE,
WEST 18TH STREET,,WEST,18TH,STREET,
WEST 19TH PLACE,,WEST,19TH,PLACE,
WEST 19TH STREET,,WEST,19TH,STREET,
WEST 21ST PLACE,,WEST,21ST,PLACE,
WEST 21ST STREET,,WEST,21ST,STREET,
WEST 22ND PLACE,,WEST,22ND,PLACE,
WEST 23RD PLACE,,WEST,23RD,PLACE,
WEST 23RD STREET,,WEST,23RD,STREET,
WEST 24TH BOULEVARD,,WEST,24TH,BOULEVARD,
WEST 24TH STREET,,WEST,24TH,STREET,
WEST 25TH PLACE,,WEST,25TH,PLACE,
WEST 25TH STREET,,WEST,25TH,STREET,
WEST 26TH STREET,,WEST,26TH,STREET,
WEST 27TH STREET,,WEST,27TH,STREET,
WEST 28TH PLACE,,WEST,28TH,PLACE,
WEST 28TH STREET,,WEST,28TH,STREET,
WEST 29TH PLACE,,WEST,29TH,PLACE,
WEST 29TH STREET,,WEST,29TH,STREET,
WEST 30TH PLACE,,WEST,30TH,PLACE,
WEST 30TH STREET,,WEST,30TH,STREET,
WEST 31ST PLACE,,WEST,31ST,PLACE,
WEST 31ST STREET,,WEST,31ST,STREET,
WEST 32ND AVENUE,,WEST,32ND,AVENUE,
WEST 32ND PLACE,,WEST,32ND,PLACE,
WEST 32ND STREET,,WEST,32ND,STREET,
WEST 33RD PLACE,,WEST,33RD,PLACE,
WEST 33RD STREET,,WEST,33RD,STREET,
WEST 34TH PLACE,,WEST,34TH,PLACE,
WEST 34TH STREET,,WEST,34TH,STREET,
WEST 35TH PLACE,,WEST,35TH,PLACE,
WEST 35TH STREET,,WEST,35TH,STREET,
WEST 36TH PLACE,,WEST,36TH,PLACE,
WEST 36TH STREET,,WEST,36TH,STREET,
WEST 37TH STREET,,WEST,37TH,STREET,
WEST 38TH PLACE,,WEST,38TH,PLACE,
WEST 38TH STREET,,WEST,38TH,STREET,
WEST 39TH PLACE,,WEST,39TH,PLACE,
WEST 40TH PLACE,,WEST,40TH,PLACE,
WEST 40TH STREET,,WEST,40TH,STREET,
WEST 41ST PLACE,,WEST,41ST,PLACE,
WEST 41ST STREET,,WEST,41ST,STREET,
WEST 42ND PLACE,,WEST,42ND,PLACE,
WEST 42ND STREET,,WEST,42ND,STREET,
WEST 43RD STREET,,WEST,43RD,STREET,
WEST 44TH PLACE,,WEST,44TH,PLACE,
WEST 44TH STREET,,WEST,44TH,STREET,
WEST 45TH PLACE,,WEST,45TH,PLACE,
WEST 45TH STREET,,WEST,45TH,STREET,
WEST 46TH PLACE,,WEST,46TH,PLACE,
WEST 46TH STREET,,WEST,46TH,STREET,
WEST 47TH PLACE,,WEST,47TH,PLACE,
WEST 47TH STREET,,WEST,47TH,STREET,
WEST 48TH PLACE,,WEST,48TH,PLACE,
WEST 48TH STREET,,WEST,48TH,STREET,
WEST 49TH PLACE,,WEST,49TH,PLACE,
WEST 49TH STREET,,WEST,49TH,STREET,
WEST 50TH STREET,,WEST,50TH,STREET,
WEST 51ST PLACE,,WEST,51ST,PLACE,
WEST 51ST STREET,,WEST,51ST,STREET,
WEST 52ND PLACE,,WEST,52ND,PLACE,
WEST 52ND STREET,,WEST,52ND,STREET,
WEST 53RD STREET,,WEST,53RD,STREET,
WEST 54TH PLACE,,WEST,54TH,PLACE,
WEST 54TH STREET,,WEST,54TH,STREET,
WEST 55TH PLACE,,WEST,55TH,PLACE,
WEST 55TH STREET,,WEST,55TH,STREET,
WEST 56TH PLACE,,WEST,56TH,PLACE,
WEST 56TH STREET,,WEST,56TH,STREET,
WEST 57TH STREET,,WEST,57TH,STREET,
WEST 58TH PLACE,,WEST,58TH,PLACE,
WEST 58TH STREET,,WEST,58TH,STREET,
WEST 59TH PLACE,,WEST,59TH,PLACE,
WEST 59TH STREET,,WEST,59TH,STREET,
WEST 5TH AVENUE,,WEST,5TH,AVENUE,
WEST 60TH AVENUE,,WEST,60TH,AVENUE,
WEST 60TH PLACE,,WEST,60TH,PLACE,
WEST 60TH STREET,,WEST,60TH,STREET,
WEST 61ST PLACE,,WEST,61ST,PLACE,
WEST 61ST STREET,,WEST,61ST,STREET,
WEST 62ND PLACE,,WEST,62ND,PLACE,
WEST 62ND STREET,,WEST,62ND,STREET,
WEST 63RD PARKWAY,,WEST,63RD,PARKWAY,
WEST 63RD PLACE,,WEST,63RD,PLACE,
WEST 63RD STREET,,WEST,63RD,STREET,
WEST 64TH STREET,,WEST,64TH,STREET,
WEST 65TH PLACE,,WEST,65TH,PLACE,
WEST 65TH STREET,,WEST,65TH,STREET,
WEST 66TH PLACE,,WEST,66TH,PLACE,
WEST 66TH STREET,,WEST,66TH,STREET,
WEST 67TH PLACE,,WEST,67TH,PLACE,
WEST 68TH PLACE,,WEST,68TH,PLACE,
WEST 68TH STREET,,WEST,68TH,STREET,
WEST 69TH STREET,,WEST,69TH,STREET,
WEST 70TH PLACE,,WEST,70TH,PLACE,
WEST 71ST PLACE,,WEST,71ST,PLACE,
WEST 71ST STREET,,WEST,71ST,STREET,
WEST 72ND STREET,,WEST,72ND,STREET,
WEST 73RD STREET,,WEST,73RD,STREET,
WEST 74TH PLACE,,WEST,74TH,PLACE,
WEST 74TH STREET,,WEST,74TH,STREET,
WEST 75TH PLACE,,WEST,75TH,PLACE,
WEST 75TH STREET,,WEST,75TH,STREET,
WEST 76TH PLACE,,WEST,76TH,PLACE,
WEST 76TH STREET,,WEST,76TH,STREET,
WEST 77TH STREET,,WEST,77TH,STREET,
WEST 78TH PLACE,,WEST,78TH,PLACE,
WEST 78TH STREET,,WEST,78TH,STREET,
WEST 79TH STREET,,WEST,79TH,STREET,
WEST 80TH STREET,,WEST,80TH,STREET,
WEST 81ST PLACE,,WEST,81ST,PLACE,
WEST 81ST STREET,,WEST,81ST,STREET,
WEST 82ND PLACE,,WEST,82ND,PLACE,
WEST 82ND STREET,,WEST,82ND,STREET,
WEST 83RD PLACE,,WEST,83RD,PLACE,
WEST 83RD STREET,,WEST,83RD,STREET,
WEST 84TH PLACE,,WEST,84TH,PLACE,
WEST 84TH STREET,,WEST,84TH,STREET,
WEST 85TH PLACE,,WEST,85TH,PLACE,
WEST 85TH STREET,,WEST,85TH,STREET,
WEST 86TH PLACE,,WEST,86TH,PLACE,
WEST 86TH STREET,,WEST,86TH,STREET,
WEST 87TH STREET,,WEST,87TH,STREET,
WEST 88TH STREET,,WEST,88TH,STREET,
WEST 89TH STREET,,WEST,89TH,STREET,
WEST 90TH STREET,,WEST,90TH,STREET,
WEST 91ST PLACE,,WEST,91ST,PLACE,
WEST 91ST STREET,,WEST,91ST,STREET,
WEST 92ND PLACE,,WEST,92ND,PLACE,
WEST 92ND STREET,,WEST,92ND,STREET,
WEST 93RD STREET,,WEST,93RD,STREET,
WEST 94TH STREET,,WEST,94TH,STREET,
WEST 95TH STREET,,WEST,95TH,STREET,
WEST 96TH PLACE,,WEST,96TH,PLACE,
WEST 96TH STREET,,WEST,96TH,STREET,
WEST 97TH PLACE,,WEST,97TH,PLACE,
WEST 97TH STREET,,WEST,97TH,STREET,
WEST 98TH PLACE,,WEST,98TH,PLACE,
WEST 98TH STREET,,WEST,98TH,STREET,
WEST 99TH STREET,,WEST,99TH,STREET,
WEST ADAMS BOULEVARD,,WEST,ADAMS,BOULEVARD,
WEST ADAMS STREET,,WEST,ADAMS,STREET,
WEST ADDISON STREET,,WEST,ADDISON,STREET,
WEST AGATITE AVENUE,,WEST,AGATITE,AVENUE,
WEST AINSLIE STREET,,WEST,AINSLIE,STREET,
WEST ALBION AVENUE,,WEST,ALBION,AVENUE,
WEST ALDINE AVENUE,,WEST,ALDINE,AVENUE,
WEST ALEXANDER STREET,,WEST,ALEXANDER,STREET,
WEST ALTGELD STREET,,WEST,ALTGELD,STREET,
WEST ANCONA STREET,,WEST,ANCONA,STREET,
WEST ANN LURIE PLACE,,WEST,ANN LURIE,PLACE,
WEST ARCHER AVENUE,,WEST,ARCHER,AVENUE,
WEST ARDMORE AVENUE,,WEST,ARDMORE,AVENUE,
WEST ARGYLE STREET,,WEST,ARGYLE,STREET,
WEST ARLINGTON PLACE,,WEST,ARLINGTON,PLACE,
WEST ARMITAGE AVENUE,,WEST,ARMITAGE,AVENUE,
WEST ARMSTRONG AVENUE,,WEST,ARMSTRONG,AVENUE,
WEST ARTHINGTON STREET,,WEST,ARTHINGTON,STREET,
WEST ARTHUR AVENUE,,WEST,ARTHUR,AVENUE,
WEST ASHER STREET,,WEST,ASHER,STREET,
WEST ATTRILL STREET,,WEST,ATTRILL,STREET,
WEST BALMORAL AVENUE,,WEST,BALMORAL,AVENUE,
WEST BARRY AVENUE,,WEST,BARRY,AVENUE,
WEST BEACH AVENUE,,WEST,BEACH,AVENUE,
WEST BELDEN AVENUE,,WEST,BELDEN,AVENUE,
WEST BELLE PLAINE AVENUE,,WEST,BELLE PLAINE,AVENUE,
WEST BELMONT AVENUE,,WEST,BELMONT,AVENUE,
WEST BERENICE AVENUE,,WEST,BERENICE,AVENUE,
WEST BERTEAU AVENUE,,WEST,BERTEAU,AVENUE,
WEST BERWYN AVENUE,,WEST,BERWYN,AVENUE,
WEST BIRCHWOOD AVENUE,,WEST,BIRCHWOOD,AVENUE,
WEST BLACKHAWK STREET,,WEST,BLACKHAWK,STREET,
WEST BLISS STREET,,WEST,BLISS,STREET,
WEST BLOOMINGDALE AVENUE,,WEST,BLOOMINGDALE,AVENUE,
WEST BOWLER STREET,,WEST,BOWLER,STREET,
WEST BRADLEY PLACE,,WEST,BRADLEY,PLACE,
WEST BRAYTON STREET,,WEST,BRAYTON,STREET,
WEST BRIAR PLACE,,WEST,BRIAR,PLACE,
WEST BRODMAN AVENUE,,WEST,BRODMAN,AVENUE,
WEST BROMPTON AVENUE,,WEST,BROMPTON,AVENUE,
WEST BROSS AVENUE,,WEST,BROSS,AVENUE,
WEST BRYN MAWR AVENUE,,WEST,BRYN MAWR,AVENUE,
WEST BUCKINGHAM PLACE,,WEST,BUCKINGHAM,PLACE,
WEST BUENA AVENUE,,WEST,BUENA,AVENUE,
WEST BURTON PLACE,,WEST,BURTON,PLACE,
WEST BYRON STREET,,WEST,BYRON,STREET,
WEST CAHILL TERRACE,,WEST,CAHILL,TERRACE,
WEST CALIFORNIA TERRACE,,WEST,CALIFORNIA,TERRACE,
WEST CAMPBELL PARK DRIVE,,WEST,CAMPBELL PARK,DRIVE,
WEST CARMEN AVENUE,,WEST,CARMEN,AVENUE,
WEST CARROL AVENUE,,WEST,CARROL,AVENUE,
WEST CARROLL AVENUE,,WEST,CARROLL,AVENUE,
WEST CASTLE ISLAND AVENUE,,WEST,CASTLE ISLAND,AVENUE,
WEST CASTLEWOOD TERRACE,,WEST,CASTLEWOOD,TERRACE,
WEST CATALPA AVENUE,,WEST,CATALPA,AVENUE,
WEST CATHERINE AVENUE,,WEST,CATHERINE,AVENUE,
WEST CATON STREET,,WEST,CATON,STREET,
WEST CHALMERS PLACE,,WEST,CHALMERS,PLACE,
WEST CHANAY STREET,,WEST,CHANAY,STREET,
WEST CHARLESTON STREET,,WEST,CHARLESTON,STREET,
WEST CHASE AVENUE,,WEST,CHASE,AVENUE,
WEST CHESTNUT STREET,,WEST,CHESTNUT,STREET,
WEST CHICAGO AVENUE,,WEST,CHICAGO,AVENUE,
WEST CHURCHILL ROW,,WEST,CHURCHILL,ROW,
WEST CHURCHILL STREET,,WEST,CHURCHILL,STREET,
WEST CLARENCE AVENUE,,WEST,CLARENCE,AVENUE,
WEST COLLEGE PARKWAY,,WEST,COLLEGE,PARKWAY,
WEST COLLEGE STREET,,WEST,COLLEGE,STREET,
WEST COLUMBIA AVENUE,,WEST,COLUMBIA,AVENUE,
WEST COLUMBUS AVENUE,,WEST,COLUMBUS,AVENUE,
WEST CONCORD PLACE,,WEST,CONCORD,PLACE,
WEST CORCORAN PLACE,,WEST,CORCORAN,PLACE,
WEST CORNELIA AVENUE,,WEST,CORNELIA,AVENUE,
WEST CORTEZ STREET,,WEST,CORTEZ,STREET,
WEST CORTLAND AVENUE,,WEST,CORTLAND,AVENUE,
WEST CORTLAND STREET,,WEST,CORTLAND,STREET,
WEST COTTAGE PLACE,,WEST,COTTAGE,PLACE,
WEST COULTER STREET,,WEST,COULTER,STREET,
WEST COYLE AVENUE,,WEST,COYLE,AVENUE,
WEST CRESTLINE STREET,,WEST,CRESTLINE,STREET,
WEST CRYSTAL STREET,,WEST,CRYSTAL,STREET,
WEST CULLERTON STREET,,WEST,CULLERTON,STREET,
WEST CULLOM AVENUE,,WEST,CULLOM,AVENUE,
WEST CUYLER AVENUE,,WEST,CUYLER,AVENUE,
WEST DAKIN STREET,,WEST,DAKIN,STREET,
WEST DELAWARE PLACE,,WEST,DELAWARE,PLACE,
WEST DEMING PLACE,,WEST,DEMING,PLACE,
WEST DEVON AVENUE,,WEST,DEVON,AVENUE,
WEST DICKENS AVENUE,,WEST,DICKENS,AVENUE,
WEST DICKENS BOULEVARD,,WEST,DICKENS,BOULEVARD,
WEST DIVERSEY AVENUE,,WEST,DIVERSEY,AVENUE,
WEST DIVERSEY PARKWAY,,WEST,DIVERSEY,PARKWAY,
WEST DIVISION STREET,,WEST,DIVISION,STREET,
WEST DOUGLAS BOULEVARD,,WEST,DOUGLAS,BOULEVARD,
WEST DRAPER STREET,,WEST,DRAPER,STREET,
WEST EARLY AVENUE,,WEST,EARLY,AVENUE,
WEST EASTMAN STREET,,WEST,EASTMAN,STREET,
WEST EASTWOOD AVENUE,,WEST,EASTWOOD,AVENUE,
WEST EDDY STREET,,WEST,EDDY,STREET,
WEST EDGEWATER AVENUE,,WEST,EDGEWATER,AVENUE,
WEST EDMAIRE STREET,,WEST,EDMAIRE,STREET,
WEST EDMUNDS STREET,,WEST,EDMUNDS,STREET,
WEST ELLEN STREET,,WEST,ELLEN,STREET,
WEST ELMDALE AVENUE,,WEST,ELMDALE,AVENUE,
WEST ELM STREET,,WEST,ELM,STREET,
WEST ENGLEWOOD AVENUE,,WEST,ENGLEWOOD,AVENUE,
WEST ERIE STREET,,WEST,ERIE,STREET,
WEST ESTES AVENUE,,WEST,ESTES,AVENUE,
WEST EUGENIE STREET,,WEST,EUGENIE,STREET,
WEST EVERELL AVENUE,,WEST,EVERELL,AVENUE,
WEST EVERGREEN AVENUE,,WEST,EVERGREEN,AVENUE,
WEST EXCHANGE AVENUE,,WEST,EXCHANGE,AVENUE,
WEST FARGO AVENUE,,WEST,FARGO,AVENUE,
WEST FARRAGUT AVENUE,,WEST,FARRAGUT,AVENUE,
WEST FARWELL AVENUE,,WEST,FARWELL,AVENUE,
WEST FERDINAND STREET,,WEST,FERDINAND,STREET,
WEST FILLMORE STREET,,WEST,FILLMORE,STREET,
WEST FITCH AVENUE,,WEST,FITCH,AVENUE,
WEST FLETCHER AVENUE,,WEST,FLETCHER,AVENUE,
WEST FLETCHER STREET,,WEST,FLETCHER,STREET,
WEST FLOURNOY STREET,,WEST,FLOURNOY,STREET,
WEST FORD CITY DRIVE,,WEST,FORD CITY,DRIVE,
WEST FOREST PRESERVE AVENUE,,WEST,FOREST PRESERVE,AVENUE,
WEST FOSTER AVENUE,,WEST,FOSTER,AVENUE,
WEST FOSTER PLACE,,WEST,FOSTER,PLACE,
WEST FRANCIS PLACE,,WEST,FRANCIS,PLACE,
WEST FRANKLIN BOULEVARD,,WEST,FRANKLIN,BOULEVARD,
WEST FRY STREET,,WEST,FRY,STREET,
WEST FULLER STREET,,WEST,FULLER,STREET,
WEST FULLERTON AVENUE,,WEST,FULLERTON,AVENUE,
WEST FULLERTON PARKWAY,,WEST,FULLERTON,PARKWAY,
WEST FULTON BLVD,,WEST,FULTON,BLVD,
WEST FULTON BOULEVARD,,WEST,FULTON,BOULEVARD,
WEST FULTON STREET,,WEST,FULTON,STREET,
WEST GALE STREET,,WEST,GALE,STREET,
WEST GALEWOOD AVENUE,,WEST,GALEWOOD,AVENUE,
WEST GARFIELD BOULEVARD,,WEST,GARFIELD,BOULEVARD,
WEST GEORGE STREET,,WEST,GEORGE,STREET,
WEST GERMANIA PLACE,,WEST,GERMANIA,PLACE,
WEST GETTYSBURG STREET,,WEST,GETTYSBURG,STREET,
WEST GIDDINGS STREET,,WEST,GIDDINGS,STREET,
WEST GLADYS AVENUE,,WEST,GLADYS,AVENUE,
WEST GLEN LAKE AVENUE,,WEST,GLEN LAKE,AVENUE,
WEST GLENLAKE AVENUE,,WEST,GLENLAKE,AVENUE,
WEST GOETHE STREET,,WEST,GOETHE,STREET,
WEST GOODMAN STREET,,WEST,GOODMAN,STREET,
WEST GORDON TERRACE,,WEST,GORDON,TERRACE,
WEST GRACE STREET,,WEST,GRACE,STREET,
WEST GRAND AVENUE,,WEST,GRAND,AVENUE,
WEST GRANT PLACE,,WEST,GRANT,PLACE,
WEST GRANVILLE AVENUE,,WEST,GRANVILLE,AVENUE,
WEST GREENLEAF AVENUE,,WEST,GREENLEAF,AVENUE,
WEST GREGORY STREET,,WEST,GREGORY,STREET,
WEST GRENSHAW STREET,,WEST,GRENSHAW,STREET,
WEST GROVER STREET,,WEST,GROVER,STREET,
WEST GUNNISON STREET,,WEST,GUNNISON,STREET,
WEST HADDON AVENUE,,WEST,HADDON,AVENUE,
WEST HAFT STREET,,WEST,HAFT,STREET,
WEST HAINES STREET,,WEST,HAINES,STREET,
WEST HANSON AVENUE,,WEST,HANSON,AVENUE,
WEST HARRINGTON LANE,,WEST,HARRINGTON,LANE,
WEST HARRISON STREET,,WEST,HARRISON,STREET,
WEST HASTINGS STREET,,WEST,HASTINGS,STREET,
WEST HAWTHORNE PLACE,,WEST,HAWTHORNE,PLACE,
WEST HAYES AVENUE,,WEST,HAYES,AVENUE,
WEST HAYFORD STREET,,WEST,HAYFORD,STREET,
WEST HENDERSON STREET,,WEST,HENDERSON,STREET,
WEST HENRY COURT,,WEST,HENRY,COURT,
WEST HERMIONE STREET,,WEST,HERMIONE,STREET,
WEST HIGGINS AVENUE,,WEST,HIGGINS,AVENUE,
WEST HIGGINS ROAD,,WEST,HIGGINS,ROAD,
WEST HIGH BRIDGE LANE,,WEST,HIGH BRIDGE,LANE,
WEST HIGHLAND AVENUE,,WEST,HIGHLAND,AVENUE,
WEST HILL STREET,,WEST,HILL,STREET,
WEST HIRSCH STREET,,WEST,HIRSCH,STREET,
WEST HOBART AVENUE,,WEST,HOBART,AVENUE,
WEST HOBBIE STREET,,WEST,HOBBIE,STREET,
WEST HOLBROOK STREET,,WEST,HOLBROOK,STREET,
WEST HOLLYWOOD AVENUE,,WEST,HOLLYWOOD,AVENUE,
WEST HOMER STREET,,WEST,HOMER,STREET,
WEST HOOD AVENUE,,WEST,HOOD,AVENUE,
WEST HORTENSE AVENUE,,WEST,HORTENSE,AVENUE,
WEST HOWARD STREET,,WEST,HOWARD,STREET,
WEST HOWLAND AVENUE,,WEST,HOWLAND,AVENUE,
WEST HUBBARD STREET,,WEST,HUBBARD,STREET,
WEST HUNT AVENUE,,WEST,HUNT,AVENUE,
WEST HUNTINGTON STREET,,WEST,HUNTINGTON,STREET,
WEST HURLBUT STREET,,WEST,HURLBUT,STREET,
WEST HURON STREET,,WEST,HURON,STREET,
WEST HUTCHINSON STREET,,WEST,HUTCHINSON,STREET,
WEST HYACINTH STREET,,WEST,HYACINTH,STREET,
WEST IBSEN STREET,,WEST,IBSEN,STREET,
WEST ILLINOIS STREET,,WEST,ILLINOIS,STREET,
WEST IMLAY STREET,,WEST,IMLAY,STREET,
WEST INSTITUTE PLACE,,WEST,INSTITUTE,PLACE,
WEST IOWA STREET,,WEST,IOWA,STREET,
WEST IRVING PARK ROAD,,WEST,IRVING PARK,ROAD,
WEST ISHAM AVENUE,,WEST,ISHAM,AVENUE,
WEST JACKSON BOULEVARD,,WEST,JACKSON,BOULEVARD,
WEST JAMES STREET,,WEST,JAMES,STREET,
WEST JARLATH STREET,,WEST,JARLATH,STREET,
WEST JARVIS AVENUE,,WEST,JARVIS,AVENUE,
WEST JEROME STREET,,WEST,JEROME,STREET,
WEST JOYCE LANE,,WEST,JOYCE,LANE,
WEST JULIAN STREET,,WEST,JULIAN,STREET,
WEST JUNEWAY TERRACE,,WEST,JUNEWAY,TERRACE,
WEST JUNIOR TERRACE,,WEST,JUNIOR,TERRACE,
WEST KAMERLING AVENUE,,WEST,KAMERLING,AVENUE,
WEST KEMPER PLACE,,WEST,KEMPER,PLACE,
WEST KINZIE STREET,,WEST,KINZIE,STREET,
WEST LAKE STREET,,WEST,LAKE,STREET,
WEST LARCHMONT AVENUE,,WEST,LARCHMONT,AVENUE,
WEST LAWRENCE AVENUE,,WEST,LAWRENCE,AVENUE,
WEST LELAND AVENUE,,WEST,LELAND,AVENUE,
WEST LE MOYNE STREET,,WEST,LE MOYNE,STREET,
WEST LEXINGTON STREET,,WEST,LEXINGTON,STREET,
WEST LIBERTY STREET,,WEST,LIBERTY,STREET,
WEST LILL AVENUE,,WEST,LILL,AVENUE,
WEST LOCUST STREET,,WEST,LOCUST,STREET,
WEST LOGAN BOULEVARD,,WEST,LOGAN,BOULEVARD,
WEST LOYOLA AVENUE,,WEST,LOYOLA,AVENUE,
WEST LUNT AVENUE,,WEST,LUNT,AVENUE,
WEST LUTHER STREET,,WEST,LUTHER,STREET,
WEST LYNDALE STREET,,WEST,LYNDALE,STREET,
WEST MADISON STREET,,WEST,MADISON,STREET,
WEST MAPLE STREET,,WEST,MAPLE,STREET,
WEST MARQUETTE ROAD,,WEST,MARQUETTE,ROAD,
WEST MATSON AVENUE,,WEST,MATSON,AVENUE,
WEST MAXWELL STREET,,WEST,MAXWELL,STREET,
WEST MAYPOLE AVENUE,,WEST,MAYPOLE,AVENUE,
WEST MCLEAN AVENUE,,WEST,MCLEAN,AVENUE,
WEST MEDILL AVENUE,,WEST,MEDILL,AVENUE,
WEST MELROSE STREET,,WEST,MELROSE,STREET,
WEST MEMORY LANE,,WEST,MEMORY,LANE,
WEST MENOMONEE STREET,,WEST,MENOMONEE,STREET,
WEST MIAMI AVENUE,,WEST,MIAMI,AVENUE,
WEST MIDWAY PARK,,WEST,MIDWAY,PARK,
WEST MOFFAT STREET,,WEST,MOFFAT,STREET,
WEST MONROE STREET,,WEST,MONROE,STREET,
WEST MONTANA STREET,,WEST,MONTANA,STREET,
WEST MONTEREY AVENUE,,WEST,MONTEREY,AVENUE,
WEST MONTGOMERY AVENUE,,WEST,MONTGOMERY,AVENUE,
WEST MONTROSE AVENUE,,WEST,MONTROSE,AVENUE,
WEST MONTVALE AVENUE,,WEST,MONTVALE,AVENUE,
WEST MORSE AVENUE,,WEST,MORSE,AVENUE,
WEST MYRICK STREET,,WEST,MYRICK,STREET,
WEST MYRTLE AVENUE,,WEST,MYRTLE,AVENUE,
WEST NELSON STREET,,WEST,NELSON,STREET,
WEST NEWPORT AVENUE,,WEST,NEWPORT,AVENUE,
WEST NORMAL PARKWAY,,WEST,NORMAL,PARKWAY,
WEST NORTH AVENUE,,WEST,NORTH,AVENUE,
WEST NORTH BOULEVARD,,WEST,NORTH,BOULEVARD,
WEST NORTH SHORE AVENUE,,WEST,NORTH SHORE,AVENUE,
WEST NORWOOD AVENUE,,WEST,NORWOOD,AVENUE,
WEST NORWOOD STREET,,WEST,NORWOOD,STREET,
WEST OAKDALE AVENUE,,WEST,OAKDALE,AVENUE,
WEST OAK STREET,,WEST,OAK,STREET,
WEST OGDEN AVENUE,,WEST,OGDEN,AVENUE,
WEST OHIO STREET,,WEST,OHIO,STREET,
WEST OLD TOWN COURT,,WEST,OLD TOWN,COURT,
WEST OLIVE AVENUE,,WEST,OLIVE,AVENUE,
WEST ONTARIO STREET,,WEST,ONTARIO,STREET,
WEST PALATINE AVENUE,,WEST,PALATINE,AVENUE,
WEST PALMER BOULEVARD,,WEST,PALMER,BOULEVARD,
WEST PALMER STREET,,WEST,PALMER,STREET,
WEST PARKER AVENUE,,WEST,PARKER,AVENUE,
WEST PATTERSON AVENUE,,WEST,PATTERSON,AVENUE,
WEST PEARSON STREET,,WEST,PEARSON,STREET,
WEST PENSACOLA AVENUE,,WEST,PENSACOLA,AVENUE,
WEST PERSHING ROAD,,WEST,PERSHING,ROAD,
WEST PETERSON AVENUE,,WEST,PETERSON,AVENUE,
WEST PIERCE AVENUE,,WEST,PIERCE,AVENUE,
WEST PIPPIN STREET,,WEST,PIPPIN,STREET,
WEST POLK STREET,,WEST,POLK,STREET,
WEST POPE JOHN PAUL II DRIVE,,WEST,POPE JOHN PAUL II,DRIVE,
WEST POTOMAC AVENUE,,WEST,POTOMAC,AVENUE,
WEST PRATT AVENUE,,WEST,PRATT,AVENUE,
WEST PRINDIVILLE STREET,,WEST,PRINDIVILLE,STREET,
WEST PRYOR AVENUE,,WEST,PRYOR,AVENUE,
WEST QUINCY STREET,,WEST,QUINCY,STREET,
WEST RACE AVENUE,,WEST,RACE,AVENUE,
WEST RANDOLPH STREET,,WEST,RANDOLPH,STREET,
WEST RASCHER AVENUE,,WEST,RASCHER,AVENUE,
WEST RAVEN STREET,,WEST,RAVEN,STREET,
WEST RICE STREET,,WEST,RICE,STREET,
WEST RIVER LOFT COURT,,WEST,RIVER LOFT,COURT,
WEST RIVERVIEW PARKWAY,,WEST,RIVERVIEW,PARKWAY,
WEST ROOSEVELT AVENUE,,WEST,ROOSEVELT,AVENUE,
WEST ROOT STREET,,WEST,ROOT,STREET,
WEST ROSCOE STREET,,WEST,ROSCOE,STREET,
WEST ROSEDALE AVENUE,,WEST,ROSEDALE,AVENUE,
WEST ROSEMONT AVENUE,,WEST,ROSEMONT,AVENUE,
WEST ROSLYN PLACE,,WEST,ROSLYN,PLACE,
WEST RUMSEY AVENUE,,WEST,RUMSEY,AVENUE,
WEST RUNDELL PLACE,,WEST,RUNDELL,PLACE,
WEST SAINT HELEN STREET,,WEST,SAINT HELEN,STREET,
WEST SAINT MARY STREET,,WEST,SAINT MARY,STREET,
WEST SAINT PAUL AVENUE,,WEST,SAINT PAUL,AVENUE,
WEST SCHILLER STREET,,WEST,SCHILLER,STREET,
WEST SCHOOL STREET,,WEST,SCHOOL,STREET,
WEST SCHORSCH STREET,,WEST,SCHORSCH,STREET,
WEST SCHREIBER AVENUE,,WEST,SCHREIBER,AVENUE,
WEST SCHUBERT AVENUE,,WEST,SCHUBERT,AVENUE,
WEST SCOTT STREET,,WEST,SCOTT,STREET,
WEST SEIPP STREET,,WEST,SEIPP,STREET,
WEST SEMINOLE STREET,,WEST,SEMINOLE,STREET,
WEST SHAKESPEARE AVENUE,,WEST,SHAKESPEARE,AVENUE,
WEST SHERIDAN ROAD,,WEST,SHERIDAN,ROAD,
WEST SHERWIN AVENUE,,WEST,SHERWIN,AVENUE,
WEST SOMERSET AVENUE,,WEST,SOMERSET,AVENUE,
WEST STEUBEN STREET,,WEST,STEUBEN,STREET,
WEST ST JOSEPH AVENUE,,WEST,ST JOSEPH,AVENUE,
WEST ST PAUL AVENUE,,WEST,ST PAUL,AVENUE,
WEST STRATFORD PLACE,,WEST,STRATFORD,PLACE,
WEST STRONG STREET,,WEST,STRONG,STREET,
WEST SULLIVAN STREET,,WEST,SULLIVAN,STREET,
WEST SUMMERDALE AVENUE,,WEST,SUMMERDALE,AVENUE,
WEST SUNNYSIDE AVENUE,,WEST,SUNNYSIDE,AVENUE,
WEST SUPERIOR STREET,,WEST,SUPERIOR,STREET,
WEST SURF STREET,,WEST,SURF,STREET,
WEST SWANN STREET,,WEST,SWANN,STREET,
WEST TALCOTT AVENUE,,WEST,TALCOTT,AVENUE,
WEST TAYLOR STREET,,WEST,TAYLOR,STREET,
WEST TERRA COTTA PLACE,,WEST,TERRA COTTA,PLACE,
WEST THOMAS STREET,,WEST,THOMAS,STREET,
WEST THOME AVENUE,,WEST,THOME,AVENUE,
WEST THORNDALE AVENUE,,WEST,THORNDALE,AVENUE,
WEST TOUHY AVENUE,,WEST,TOUHY,AVENUE,
WEST TREMONT STREET,,WEST,TREMONT,STREET,
WEST UNIVERSITY LANE,,WEST,UNIVERSITY,LANE,
WEST VAN BUREN STREET,,WEST,VAN BUREN,STREET,
WEST VERMONT STREET,,WEST,VERMONT,STREET,
WEST VICTORIA STREET,,WEST,VICTORIA,STREET,
WEST VILLAGE COURT,,WEST,VILLAGE,COURT,
WEST WABANSIA AVENUE,,WEST,WABANSIA,AVENUE,
WEST WACKER DRIVE,,WEST,WACKER,DRIVE,
WEST WALLEN AVENUE,,WEST,WALLEN,AVENUE,
WEST WALNUT STREET,,WEST,WALNUT,STREET,
WEST WALTON STREET,,WEST,WALTON,STREET,
WEST WARNER AVENUE,,WEST,WARNER,AVENUE,
WEST WARREN BOULEVARD,,WEST,WARREN,BOULEVARD,
WEST WARWICK AVENUE,,WEST,WARWICK,AVENUE,
WEST WASECA PLACE,,WEST,WASECA,PLACE,
WEST WASHBURNE AVENUE,,WEST,WASHBURNE,AVENUE,
WEST WASHINGTON STREET,,WEST,WASHINGTON,STREET,
WEST WAVELAND AVENUE,,WEST,WAVELAND,AVENUE,
WEST WAYMAN STREET,,WEST,WAYMAN,STREET,
WEST WEBSTER AVENUE,,WEST,WEBSTER,AVENUE,
WEST WEED STREET,,WEST,WEED,STREET,
WEST WELLINGTON AVENUE,,WEST,WELLINGTON,AVENUE,
WEST WENDELL STREET,,WEST,WENDELL,STREET,
WEST WEST END AVENUE,,,WEST END,AVENUE,
WEST WESTGATE TERRACE,,WEST,WESTGATE,TERRACE,
WEST WILCOX STREET,,WEST,WILCOX,STREET,
WEST WILLOW STREET,,WEST,WILLOW,STREET,
WEST WILSON AVENUE,,WEST,WILSON,AVENUE,
WEST WINDSOR AVENUE,,WEST,WINDSOR,AVENUE,
WEST WINNECONNA PARKWAY,,WEST,WINNECONNA,PARKWAY,
WEST WINNEMAC AVENUE,,WEST,WINNEMAC,AVENUE,
WEST WINONA STREET,,WEST,WINONA,STREET,
WEST WISCONSIN STREET,,WEST,WISCONSIN,STREET,
WEST WOLFRAM STREET,,WEST,WOLFRAM,STREET,
WEST WRIGHTWOOD AVENUE,,WEST,WRIGHTWOOD,AVENUE,
WEST ZEMKE ROAD,,WEST,ZEMKE,ROAD,
